variable,value,unweighted_n,weighted_n,unweighted_pct,weighted_pct
head_age,100.0,1,1.0,0.0005813987290623783,0.0005813987290623783
head_age,102.0,1,1.0,0.0005813987290623783,0.0005813987290623783
head_age,103.0,1,1.0,0.0005813987290623783,0.0005813987290623783
head_age,104.0,1,1.0,0.0005813987290623783,0.0005813987290623783
head_age,106.0,1,1.0,0.0005813987290623783,0.0005813987290623783
head_age,110.0,1,1.0,0.0005813987290623783,0.0005813987290623783
head_age,16.0,5,5.0,0.0029069936453118912,0.0029069936453118912
head_age,17.0,17,17.0,0.009883778394060431,0.009883778394060431
head_age,18.0,31,31.0,0.018023360600933725,0.018023360600933725
head_age,19.0,51,51.0,0.029651335182181292,0.029651335182181292
head_age,20.0,67,67.0,0.03895371484717934,0.03895371484717934
head_age,21.0,83,83.0,0.0482560945121774,0.0482560945121774
head_age,22.0,106,106.0,0.0616282652806121,0.0616282652806121
head_age,23.0,136,136.0,0.07907022715248345,0.07907022715248345
head_age,24.0,205,205.0,0.11918673945778754,0.11918673945778754
head_age,25.0,262,262.0,0.1523264670143431,0.1523264670143431
head_age,26.0,353,353.0,0.20523375135901953,0.20523375135901953
head_age,27.0,430,430.0,0.2500014534968227,0.2500014534968227
head_age,28.0,596,596.0,0.34651364252117745,0.34651364252117745
head_age,29.0,716,716.0,0.4162814900086628,0.4162814900086628
head_age,30.0,892,892.0,0.5186076663236414,0.5186076663236414
head_age,31.0,1036,1036.0,0.6023290833086239,0.6023290833086239
head_age,32.0,1193,1193.0,0.6936086837714173,0.6936086837714173
head_age,33.0,1400,1400.0,0.8139582206873296,0.8139582206873296
head_age,34.0,1519,1519.0,0.8831446694457525,0.8831446694457525
head_age,35.0,1714,1714.0,0.9965174216129163,0.9965174216129163
head_age,36.0,1934,1934.0,1.1244251420066396,1.1244251420066396
head_age,37.0,2128,2128.0,1.2372164954447409,1.2372164954447409
head_age,38.0,2328,2328.0,1.3534962412572167,1.3534962412572167
head_age,39.0,2599,2599.0,1.5110552968331212,1.5110552968331212
head_age,40.0,2728,2728.0,1.5860557328821678,1.5860557328821678
head_age,41.0,3019,3019.0,1.75524276303932,1.75524276303932
head_age,42.0,3196,3196.0,1.858150338083361,1.858150338083361
head_age,43.0,3367,3367.0,1.9575695207530277,1.9575695207530277
head_age,44.0,3557,3557.0,2.0680352792748793,2.0680352792748793
head_age,45.0,3812,3812.0,2.216291955185786,2.216291955185786
head_age,46.0,3919,3919.0,2.2785016191954606,2.2785016191954606
head_age,47.0,3937,3937.0,2.2889667963185834,2.2889667963185834
head_age,48.0,3978,3978.0,2.3128041442101406,2.3128041442101406
head_age,49.0,3873,3873.0,2.2517572776585912,2.2517572776585912
head_age,50.0,3847,3847.0,2.236640910702969,2.236640910702969
head_age,51.0,3936,3936.0,2.2883853975895208,2.2883853975895208
head_age,52.0,4052,4052.0,2.355827650160757,2.355827650160757
head_age,53.0,4047,4047.0,2.352920656515445,2.352920656515445
head_age,54.0,4132,4132.0,2.402339548485747,2.402339548485747
head_age,55.0,4174,4174.0,2.426758295106367,2.426758295106367
head_age,56.0,4022,4022.0,2.3383856882888856,2.3383856882888856
head_age,57.0,3961,3961.0,2.3029203658160804,2.3029203658160804
head_age,58.0,4000,4000.0,2.325594916249513,2.325594916249513
head_age,59.0,3927,3927.0,2.2831528090279596,2.2831528090279596
head_age,60.0,3992,3992.0,2.320943726417014,2.320943726417014
head_age,61.0,3928,3928.0,2.2837342077570217,2.2837342077570217
head_age,62.0,3828,3828.0,2.225594334850784,2.225594334850784
head_age,63.0,3787,3787.0,2.2017569869592264,2.2017569869592264
head_age,64.0,3627,3627.0,2.108733190309246,2.108733190309246
head_age,65.0,3545,3545.0,2.0610584945261308,2.0610584945261308
head_age,66.0,3339,3339.0,1.941290356339281,1.941290356339281
head_age,67.0,3167,3167.0,1.841289774940552,1.841289774940552
head_age,68.0,2935,2935.0,1.7064052697980803,1.7064052697980803
head_age,69.0,2912,2912.0,1.6930330990296456,1.6930330990296456
head_age,70.0,2825,2825.0,1.6424514096012186,1.6424514096012186
head_age,71.0,2774,2774.0,1.6128000744190374,1.6128000744190374
head_age,72.0,2641,2641.0,1.535474043453741,1.535474043453741
head_age,73.0,2588,2588.0,1.5046599108134349,1.5046599108134349
head_age,74.0,2526,2526.0,1.4686131896115675,1.4686131896115675
head_age,75.0,2450,2450.0,1.4244268862028269,1.4244268862028269
head_age,76.0,2394,2394.0,1.3918685573753335,1.3918685573753335
head_age,77.0,2266,2266.0,1.317449520055349,1.317449520055349
head_age,78.0,2134,2134.0,1.2407048878191151,1.2407048878191151
head_age,79.0,2063,2063.0,1.1994255780556864,1.1994255780556864
head_age,80.0,1864,1864.0,1.0837272309722732,1.0837272309722732
head_age,81.0,1824,1824.0,1.060471281809778,1.060471281809778
head_age,82.0,1713,1713.0,0.995936022883854,0.995936022883854
head_age,83.0,1561,1561.0,0.9075634160663725,0.9075634160663725
head_age,84.0,1447,1447.0,0.8412839609532614,0.8412839609532614
head_age,85.0,4244,4244.0,2.4674562061407332,2.4674562061407332
head_age,86.0,3624,3624.0,2.1069889941220588,2.1069889941220588
head_age,87.0,140,140.0,0.08139582206873296,0.08139582206873296
head_age,88.0,108,108.0,0.06279106273873686,0.06279106273873686
head_age,89.0,134,134.0,0.07790742969435868,0.07790742969435868
head_age,9.0,1,1.0,0.0005813987290623783,0.0005813987290623783
head_age,90.0,81,81.0,0.04709329705405264,0.04709329705405264
head_age,91.0,74,74.0,0.04302350595061599,0.04302350595061599
head_age,92.0,51,51.0,0.029651335182181292,0.029651335182181292
head_age,93.0,34,34.0,0.019767556788120862,0.019767556788120862
head_age,94.0,33,33.0,0.019186158059058482,0.019186158059058482
head_age,95.0,21,21.0,0.012209373310309943,0.012209373310309943
head_age,96.0,15,15.0,0.008720980935935674,0.008720980935935674
head_age,97.0,10,10.0,0.0058139872906237825,0.0058139872906237825
head_age,98.0,5,5.0,0.0029069936453118912,0.0029069936453118912
head_age,99.0,1,1.0,0.0005813987290623783,0.0005813987290623783
head_age,<MISSING>,2,2.0,0.0011627974581247566,0.0011627974581247566
head_age_group,35_54,66103,66103.0,38.43220018721039,38.43220018721039
head_age_group,55_64,39246,39246.0,22.8175745207821,22.8175745207821
head_age_group,65plus,57549,57549.0,33.45891545881081,33.45891545881081
head_age_group,<MISSING>,2,2.0,0.0011627974581247566,0.0011627974581247566
head_age_group,under35,9099,9099.0,5.29014703573858,5.29014703573858
head_sex,<MISSING>,2,2.0,0.0011627974581247566,0.0011627974581247566
head_sex,female,72956,72956.0,42.416525677474866,42.416525677474866
head_sex,male,99041,99041.0,57.582311525067006,57.582311525067006
head_education_group,<MISSING>,844,844.0,0.4907005273286473,0.4907005273286473
head_education_group,high,58119,58119.0,33.790312734376364,33.790312734376364
head_education_group,low,76321,76321.0,44.37293240076977,44.37293240076977
head_education_group,medium,36715,36715.0,21.346054337525217,21.346054337525217
head_education_isced,0.0,13655,13655.0,7.938999645346775,7.938999645346775
head_education_isced,100.0,24915,24915.0,14.485549334589155,14.485549334589155
head_education_isced,200.0,37751,37751.0,21.948383420833842,21.948383420833842
head_education_isced,300.0,7246,7246.0,4.212815190785993,4.212815190785993
head_education_isced,340.0,16980,16980.0,9.872150419479183,9.872150419479183
head_education_isced,344.0,1236,1236.0,0.7186088291210996,0.7186088291210996
head_education_isced,350.0,10123,10123.0,5.885499334298455,5.885499334298455
head_education_isced,353.0,64,64.0,0.03720951865999221,0.03720951865999221
head_education_isced,354.0,1015,1015.0,0.590119709998314,0.590119709998314
head_education_isced,400.0,51,51.0,0.029651335182181292,0.029651335182181292
head_education_isced,450.0,257,257.0,0.14941947336903122,0.14941947336903122
head_education_isced,500.0,58119,58119.0,33.790312734376364,33.790312734376364
head_education_isced,<MISSING>,587,587.0,0.34128105395961605,0.34128105395961605
head_high_education,0.0,113878,113878.0,66.2085244681655,66.2085244681655
head_high_education,1.0,58119,58119.0,33.790312734376364,33.790312734376364
head_high_education,<MISSING>,2,2.0,0.0011627974581247566,0.0011627974581247566
n_adults,0.0,3,3.0,0.0017441961871871349,0.0017441961871871349
n_adults,1.0,48262,48262.0,28.0594654620085,28.0594654620085
n_adults,2.0,84117,84117.0,48.90551689254007,48.90551689254007
n_adults,3.0,27326,27326.0,15.887301670358548,15.887301670358548
n_adults,4.0,10412,10412.0,6.053523566997483,6.053523566997483
n_adults,5.0,1517,1517.0,0.8819818719876278,0.8819818719876278
n_adults,6.0,299,299.0,0.1738382199896511,0.1738382199896511
n_adults,7.0,44,44.0,0.025581544078744644,0.025581544078744644
n_adults,8.0,15,15.0,0.008720980935935674,0.008720980935935674
n_adults,9.0,4,4.0,0.002325594916249513,0.002325594916249513
n_children,0.0,125060,125060.0,72.70972505654103,72.70972505654103
n_children,1.0,24372,24372.0,14.169849824708283,14.169849824708283
n_children,2.0,18896,18896.0,10.9861103843627,10.9861103843627
n_children,3.0,3110,3110.0,1.8081500473839964,1.8081500473839964
n_children,4.0,461,461.0,0.26802481409775636,0.26802481409775636
n_children,5.0,69,69.0,0.0401165123053041,0.0401165123053041
n_children,6.0,21,21.0,0.012209373310309943,0.012209373310309943
n_children,7.0,4,4.0,0.002325594916249513,0.002325594916249513
n_children,8.0,5,5.0,0.0029069936453118912,0.0029069936453118912
n_children,9.0,1,1.0,0.0005813987290623783,0.0005813987290623783
hh_size,1.0,43186,43186.0,25.108285513287868,25.108285513287868
hh_size,10.0,18,18.0,0.01046517712312281,0.01046517712312281
hh_size,11.0,5,5.0,0.0029069936453118912,0.0029069936453118912
hh_size,12.0,1,1.0,0.0005813987290623783,0.0005813987290623783
hh_size,13.0,5,5.0,0.0029069936453118912,0.0029069936453118912
hh_size,14.0,1,1.0,0.0005813987290623783,0.0005813987290623783
hh_size,2.0,55600,55600.0,32.32576933586823,32.32576933586823
hh_size,3.0,34854,34854.0,20.26407130274013,20.26407130274013
hh_size,4.0,29758,29758.0,17.301263379438254,17.301263379438254
hh_size,5.0,6556,6556.0,3.811650067732952,3.811650067732952
hh_size,6.0,1510,1510.0,0.8779120808841911,0.8779120808841911
hh_size,7.0,365,365.0,0.21221053610776808,0.21221053610776808
hh_size,8.0,110,110.0,0.06395386019686161,0.06395386019686161
hh_size,9.0,30,30.0,0.01744196187187135,0.01744196187187135
single_parent_hh,0.0,166921,166921.0,97.04765725382124,97.04765725382124
single_parent_hh,1.0,5078,5078.0,2.952342746178757,2.952342746178757
head_non_eu_born,0.0,119100,119100.0,69.24458863132925,69.24458863132925
head_non_eu_born,1.0,10627,10627.0,6.178524293745894,6.178524293745894
head_non_eu_born,<MISSING>,42272,42272.0,24.576887074924855,24.576887074924855
homeowner,0.0,36494,36494.0,21.21756521840243,21.21756521840243
homeowner,1.0,135505,135505.0,78.78243478159757,78.78243478159757
head_labour_group,<MISSING>,66,66.0,0.038372316118116964,0.038372316118116964
head_labour_group,employed,139171,139171.0,80.91384252234025,80.91384252234025
head_labour_group,inactive,28822,28822.0,16.757074169035867,16.757074169035867
head_labour_group,unemployed,3940,3940.0,2.2907109925057703,2.2907109925057703
head_unemployed,0.0,168057,168057.0,97.7081262100361,97.7081262100361
head_unemployed,1.0,3940,3940.0,2.2907109925057703,2.2907109925057703
head_unemployed,<MISSING>,2,2.0,0.0011627974581247566,0.0011627974581247566
head_employed,0.0,32826,32826.0,19.08499468020163,19.08499468020163
head_employed,1.0,139171,139171.0,80.91384252234025,80.91384252234025
head_employed,<MISSING>,2,2.0,0.0011627974581247566,0.0011627974581247566
