period,sample_rule,control_spec,exposure_spec,outcome,n_obs,coef_medium,pval_wbt_medium,coef_high,pval_wbt_high,controls
baseline_2021_2025,available_case,unadjusted,exposure_cov_hybrid,poverty,171999,0.001116632495467992,0.9316931693169317,-0.007443795670834529,0.5143514351435143,
baseline_2021_2025,available_case,unadjusted,exposure_cov_hybrid,matdep,171999,0.008219885254431784,0.1326132613261326,0.008643573229710504,0.21222122212221223,
baseline_2021_2025,available_case,unadjusted,exposure_cov_hybrid,poverty_gap,171999,0.0013460388327509627,0.8663866386638663,-0.0014662595164109016,0.813081308130813,
baseline_2021_2025,available_case,unadjusted,exposure_cov_hybrid,poverty_gap_sq,171999,0.0023297096670987227,0.6767676767676768,0.0007717660033209508,0.883988398839884,
baseline_2021_2025,available_case,preferred_demographic,exposure_cov_hybrid,poverty,171152,-0.0014151131862935368,0.9130913091309131,-0.008396221042215922,0.40344034403440343,head_age_group;head_sex;head_education_group;n_adults_group;n_children_group
baseline_2021_2025,available_case,preferred_demographic,exposure_cov_hybrid,matdep,171152,0.007068201264849717,0.23222322232223222,0.008304632838594912,0.18671867186718671,head_age_group;head_sex;head_education_group;n_adults_group;n_children_group
baseline_2021_2025,available_case,preferred_demographic,exposure_cov_hybrid,poverty_gap,171152,-3.539762763076416e-05,0.9944994499449945,-0.0017073649105611248,0.7723772377237724,head_age_group;head_sex;head_education_group;n_adults_group;n_children_group
baseline_2021_2025,available_case,preferred_demographic,exposure_cov_hybrid,poverty_gap_sq,171152,0.0012880830765384858,0.7953795379537953,0.0006051112119733086,0.892089208920892,head_age_group;head_sex;head_education_group;n_adults_group;n_children_group
baseline_2021_2025,available_case,extended_composition,exposure_cov_hybrid,poverty,171152,-0.0011881309869403885,0.9287928792879288,-0.007210350465682591,0.5033503350335033,head_age_group;head_sex;head_education_group;n_adults_group;n_children_group;single_parent_hh;homeowner
baseline_2021_2025,available_case,extended_composition,exposure_cov_hybrid,matdep,171152,0.007156365606178924,0.22802280228022803,0.009147415853830375,0.1262126212621262,head_age_group;head_sex;head_education_group;n_adults_group;n_children_group;single_parent_hh;homeowner
baseline_2021_2025,available_case,extended_composition,exposure_cov_hybrid,poverty_gap,171152,7.45403781226873e-05,0.9914991499149916,-0.0012227525040795066,0.8418841884188419,head_age_group;head_sex;head_education_group;n_adults_group;n_children_group;single_parent_hh;homeowner
baseline_2021_2025,available_case,extended_composition,exposure_cov_hybrid,poverty_gap_sq,171152,0.0013365869898666724,0.812981298129813,0.0008862394349622269,0.8607860786078608,head_age_group;head_sex;head_education_group;n_adults_group;n_children_group;single_parent_hh;homeowner
baseline_2021_2025,available_case,legacy_full,exposure_cov_hybrid,poverty,171933,0.007230637809551912,0.6141614161416141,0.007420958162883239,0.5772577257725773,hh_size;n_children;head_age_group;head_sex;head_labour_group;single_parent_hh;homeowner
baseline_2021_2025,available_case,legacy_full,exposure_cov_hybrid,matdep,171933,0.009733194576265721,0.07160716071607161,0.014112092232353666,0.075007500750075,hh_size;n_children;head_age_group;head_sex;head_labour_group;single_parent_hh;homeowner
baseline_2021_2025,available_case,legacy_full,exposure_cov_hybrid,poverty_gap,171933,0.004014427173354305,0.6223622362236224,0.006259678443017665,0.46124612461246123,hh_size;n_children;head_age_group;head_sex;head_labour_group;single_parent_hh;homeowner
baseline_2021_2025,available_case,legacy_full,exposure_cov_hybrid,poverty_gap_sq,171933,0.004039441686776441,0.49404940494049404,0.005987114514350338,0.34483448344834483,hh_size;n_children;head_age_group;head_sex;head_labour_group;single_parent_hh;homeowner
baseline_2021_2025,common_sample,unadjusted,exposure_cov_hybrid,poverty,171152,0.0011330118835648588,0.9345934593459346,-0.007645798512456826,0.5067506750675067,
baseline_2021_2025,common_sample,unadjusted,exposure_cov_hybrid,matdep,171152,0.008176761821835502,0.1257125712571257,0.008851625828770493,0.20532053205320533,
baseline_2021_2025,common_sample,unadjusted,exposure_cov_hybrid,poverty_gap,171152,0.0012886450818678887,0.8726872687268726,-0.00156074746714868,0.8041804180418042,
baseline_2021_2025,common_sample,unadjusted,exposure_cov_hybrid,poverty_gap_sq,171152,0.0022667124404574,0.6914691469146915,0.0006821911034896126,0.8986898689868987,
baseline_2021_2025,common_sample,preferred_demographic,exposure_cov_hybrid,poverty,171152,-0.0014151131862935368,0.9130913091309131,-0.008396221042215922,0.40344034403440343,head_age_group;head_sex;head_education_group;n_adults_group;n_children_group
baseline_2021_2025,common_sample,preferred_demographic,exposure_cov_hybrid,matdep,171152,0.007068201264849717,0.23222322232223222,0.008304632838594912,0.18671867186718671,head_age_group;head_sex;head_education_group;n_adults_group;n_children_group
baseline_2021_2025,common_sample,preferred_demographic,exposure_cov_hybrid,poverty_gap,171152,-3.539762763076416e-05,0.9944994499449945,-0.0017073649105611248,0.7723772377237724,head_age_group;head_sex;head_education_group;n_adults_group;n_children_group
baseline_2021_2025,common_sample,preferred_demographic,exposure_cov_hybrid,poverty_gap_sq,171152,0.0012880830765384858,0.7953795379537953,0.0006051112119733086,0.892089208920892,head_age_group;head_sex;head_education_group;n_adults_group;n_children_group
baseline_2021_2025,common_sample,extended_composition,exposure_cov_hybrid,poverty,171152,-0.0011881309869403885,0.9287928792879288,-0.007210350465682591,0.5033503350335033,head_age_group;head_sex;head_education_group;n_adults_group;n_children_group;single_parent_hh;homeowner
baseline_2021_2025,common_sample,extended_composition,exposure_cov_hybrid,matdep,171152,0.007156365606178924,0.22802280228022803,0.009147415853830375,0.1262126212621262,head_age_group;head_sex;head_education_group;n_adults_group;n_children_group;single_parent_hh;homeowner
baseline_2021_2025,common_sample,extended_composition,exposure_cov_hybrid,poverty_gap,171152,7.45403781226873e-05,0.9914991499149916,-0.0012227525040795066,0.8418841884188419,head_age_group;head_sex;head_education_group;n_adults_group;n_children_group;single_parent_hh;homeowner
baseline_2021_2025,common_sample,extended_composition,exposure_cov_hybrid,poverty_gap_sq,171152,0.0013365869898666724,0.812981298129813,0.0008862394349622269,0.8607860786078608,head_age_group;head_sex;head_education_group;n_adults_group;n_children_group;single_parent_hh;homeowner
baseline_2021_2025,common_sample,legacy_full,exposure_cov_hybrid,poverty,171149,0.007221792338730243,0.6113611361136113,0.00715417572127687,0.591959195919592,hh_size;n_children;head_age_group;head_sex;head_labour_group;single_parent_hh;homeowner
baseline_2021_2025,common_sample,legacy_full,exposure_cov_hybrid,matdep,171149,0.009761793176736104,0.0611061106110611,0.014216887237459367,0.07300730073007301,hh_size;n_children;head_age_group;head_sex;head_labour_group;single_parent_hh;homeowner
baseline_2021_2025,common_sample,legacy_full,exposure_cov_hybrid,poverty_gap,171149,0.0039550929454994855,0.6339633963396339,0.0061382275581278204,0.47764776477647763,hh_size;n_children;head_age_group;head_sex;head_labour_group;single_parent_hh;homeowner
baseline_2021_2025,common_sample,legacy_full,exposure_cov_hybrid,poverty_gap_sq,171149,0.003975411306910855,0.5008500850085008,0.005886219327998377,0.35813581358135815,hh_size;n_children;head_age_group;head_sex;head_labour_group;single_parent_hh;homeowner
baseline_2021_2025,available_case,unadjusted,exposure_exp_hybrid,poverty,171999,0.027168668809467132,0.0409040904090409,0.007498781838886657,0.4087408740874087,
baseline_2021_2025,available_case,unadjusted,exposure_exp_hybrid,matdep,171999,0.001276692333576261,0.6442644264426443,0.009458476000766509,0.1865186518651865,
baseline_2021_2025,available_case,unadjusted,exposure_exp_hybrid,poverty_gap,171999,0.01074487854426286,0.12991299129912992,0.0014262582435192238,0.7643764376437644,
baseline_2021_2025,available_case,unadjusted,exposure_exp_hybrid,poverty_gap_sq,171999,0.0069311339359987255,0.1646164616461646,0.0008783244007829882,0.8232823282328233,
baseline_2021_2025,available_case,preferred_demographic,exposure_exp_hybrid,poverty,171152,0.022828292486914408,0.07170717071707171,0.0025785198462222637,0.7752775277527753,head_age_group;head_sex;head_education_group;n_adults_group;n_children_group
baseline_2021_2025,available_case,preferred_demographic,exposure_exp_hybrid,matdep,171152,-0.00045243895348042666,0.8758875887588758,0.00684370652593298,0.2911291129112911,head_age_group;head_sex;head_education_group;n_adults_group;n_children_group
baseline_2021_2025,available_case,preferred_demographic,exposure_exp_hybrid,poverty_gap,171152,0.008974993213925982,0.1621162116211621,-0.0008087280049758243,0.8578857885788579,head_age_group;head_sex;head_education_group;n_adults_group;n_children_group
baseline_2021_2025,available_case,preferred_demographic,exposure_exp_hybrid,poverty_gap_sq,171152,0.005788382183317716,0.1933193319331933,-0.0005736414836981025,0.8822882288228823,head_age_group;head_sex;head_education_group;n_adults_group;n_children_group
baseline_2021_2025,available_case,extended_composition,exposure_exp_hybrid,poverty,171152,0.02295183811224721,0.0895089508950895,-0.0007333578248757893,0.936993699369937,head_age_group;head_sex;head_education_group;n_adults_group;n_children_group;single_parent_hh;homeowner
baseline_2021_2025,available_case,extended_composition,exposure_exp_hybrid,matdep,171152,-0.00038272406450010293,0.89008900890089,0.00454311090345808,0.4454445444544454,head_age_group;head_sex;head_education_group;n_adults_group;n_children_group;single_parent_hh;homeowner
baseline_2021_2025,available_case,extended_composition,exposure_exp_hybrid,poverty_gap,171152,0.009029753803806159,0.1855185518551855,-0.002174129326744612,0.6449644964496449,head_age_group;head_sex;head_education_group;n_adults_group;n_children_group;single_parent_hh;homeowner
baseline_2021_2025,available_case,extended_composition,exposure_exp_hybrid,poverty_gap_sq,171152,0.005816357619778743,0.22572257225722572,-0.001355213323420453,0.7301730173017301,head_age_group;head_sex;head_education_group;n_adults_group;n_children_group;single_parent_hh;homeowner
baseline_2021_2025,available_case,legacy_full,exposure_exp_hybrid,poverty,171933,0.022197739865909644,0.0613061306130613,0.012348525049895632,0.16821682168216823,hh_size;n_children;head_age_group;head_sex;head_labour_group;single_parent_hh;homeowner
baseline_2021_2025,available_case,legacy_full,exposure_exp_hybrid,matdep,171933,-0.0005195135398442636,0.8463846384638464,0.009081476580777997,0.32513251325132514,hh_size;n_children;head_age_group;head_sex;head_labour_group;single_parent_hh;homeowner
baseline_2021_2025,available_case,legacy_full,exposure_exp_hybrid,poverty_gap,171933,0.008333865170421518,0.16561656165616562,0.004169908010986096,0.40824082408240825,hh_size;n_children;head_age_group;head_sex;head_labour_group;single_parent_hh;homeowner
baseline_2021_2025,available_case,legacy_full,exposure_exp_hybrid,poverty_gap_sq,171933,0.005261368343471054,0.20552055205520553,0.00281486437832838,0.5188518851885189,hh_size;n_children;head_age_group;head_sex;head_labour_group;single_parent_hh;homeowner
baseline_2021_2025,common_sample,unadjusted,exposure_exp_hybrid,poverty,171152,0.027531296273847893,0.0336033603360336,0.007872814621769903,0.3868386838683868,
baseline_2021_2025,common_sample,unadjusted,exposure_exp_hybrid,matdep,171152,0.0013070581609973724,0.6373637363736374,0.00959631367494113,0.18141814181418142,
baseline_2021_2025,common_sample,unadjusted,exposure_exp_hybrid,poverty_gap,171152,0.0108574817228691,0.1263126312631263,0.0015793664647442088,0.7430743074307431,
baseline_2021_2025,common_sample,unadjusted,exposure_exp_hybrid,poverty_gap_sq,171152,0.00699089648123389,0.15831583158315832,0.0010026487239011732,0.802080208020802,
baseline_2021_2025,common_sample,preferred_demographic,exposure_exp_hybrid,poverty,171152,0.022828292486914408,0.07170717071707171,0.0025785198462222637,0.7752775277527753,head_age_group;head_sex;head_education_group;n_adults_group;n_children_group
baseline_2021_2025,common_sample,preferred_demographic,exposure_exp_hybrid,matdep,171152,-0.00045243895348042666,0.8758875887588758,0.00684370652593298,0.2911291129112911,head_age_group;head_sex;head_education_group;n_adults_group;n_children_group
baseline_2021_2025,common_sample,preferred_demographic,exposure_exp_hybrid,poverty_gap,171152,0.008974993213925982,0.1621162116211621,-0.0008087280049758243,0.8578857885788579,head_age_group;head_sex;head_education_group;n_adults_group;n_children_group
baseline_2021_2025,common_sample,preferred_demographic,exposure_exp_hybrid,poverty_gap_sq,171152,0.005788382183317716,0.1933193319331933,-0.0005736414836981025,0.8822882288228823,head_age_group;head_sex;head_education_group;n_adults_group;n_children_group
baseline_2021_2025,common_sample,extended_composition,exposure_exp_hybrid,poverty,171152,0.02295183811224721,0.0895089508950895,-0.0007333578248757893,0.936993699369937,head_age_group;head_sex;head_education_group;n_adults_group;n_children_group;single_parent_hh;homeowner
baseline_2021_2025,common_sample,extended_composition,exposure_exp_hybrid,matdep,171152,-0.00038272406450010293,0.89008900890089,0.00454311090345808,0.4454445444544454,head_age_group;head_sex;head_education_group;n_adults_group;n_children_group;single_parent_hh;homeowner
baseline_2021_2025,common_sample,extended_composition,exposure_exp_hybrid,poverty_gap,171152,0.009029753803806159,0.1855185518551855,-0.002174129326744612,0.6449644964496449,head_age_group;head_sex;head_education_group;n_adults_group;n_children_group;single_parent_hh;homeowner
baseline_2021_2025,common_sample,extended_composition,exposure_exp_hybrid,poverty_gap_sq,171152,0.005816357619778743,0.22572257225722572,-0.001355213323420453,0.7301730173017301,head_age_group;head_sex;head_education_group;n_adults_group;n_children_group;single_parent_hh;homeowner
baseline_2021_2025,common_sample,legacy_full,exposure_exp_hybrid,poverty,171149,0.022570291322699082,0.060106010601060106,0.012718990643482678,0.15231523152315232,hh_size;n_children;head_age_group;head_sex;head_labour_group;single_parent_hh;homeowner
baseline_2021_2025,common_sample,legacy_full,exposure_exp_hybrid,matdep,171149,-0.00036722235119299634,0.8863886388638864,0.009292652369112381,0.3096309630963096,hh_size;n_children;head_age_group;head_sex;head_labour_group;single_parent_hh;homeowner
baseline_2021_2025,common_sample,legacy_full,exposure_exp_hybrid,poverty_gap,171149,0.008455896163042091,0.1622162216221622,0.004313065431282392,0.3858385838583858,hh_size;n_children;head_age_group;head_sex;head_labour_group;single_parent_hh;homeowner
baseline_2021_2025,common_sample,legacy_full,exposure_exp_hybrid,poverty_gap_sq,171149,0.005320400434449332,0.2006200620062006,0.00291179311399111,0.5016501650165016,hh_size;n_children;head_age_group;head_sex;head_labour_group;single_parent_hh;homeowner
covid_robust_2022_2025,available_case,unadjusted,exposure_cov_hybrid,poverty,151363,0.002115900770679077,0.8882888288828883,-0.007706349538171358,0.5064506450645064,
covid_robust_2022_2025,available_case,unadjusted,exposure_cov_hybrid,matdep,151363,0.009791204145826349,0.10251025102510251,0.007873619298609002,0.2686268626862686,
covid_robust_2022_2025,available_case,unadjusted,exposure_cov_hybrid,poverty_gap,151363,0.0019260123981293016,0.8080808080808081,-0.0017751468768230406,0.7811781178117811,
covid_robust_2022_2025,available_case,unadjusted,exposure_cov_hybrid,poverty_gap_sq,151363,0.0027586474519211224,0.6222622262226223,0.0006038202906407158,0.9062906290629063,
covid_robust_2022_2025,available_case,preferred_demographic,exposure_cov_hybrid,poverty,150621,-0.0008971987746146696,0.934993499349935,-0.008989919643647681,0.39593959395939593,head_age_group;head_sex;head_education_group;n_adults_group;n_children_group
covid_robust_2022_2025,available_case,preferred_demographic,exposure_cov_hybrid,matdep,150621,0.008479478106958163,0.1337133713371337,0.007462487641306501,0.25512551255125515,head_age_group;head_sex;head_education_group;n_adults_group;n_children_group
covid_robust_2022_2025,available_case,preferred_demographic,exposure_cov_hybrid,poverty_gap,150621,0.0003590233944041546,0.9556955695569557,-0.002112312805790873,0.7304730473047305,head_age_group;head_sex;head_education_group;n_adults_group;n_children_group
covid_robust_2022_2025,available_case,preferred_demographic,exposure_cov_hybrid,poverty_gap_sq,150621,0.0016110441916069953,0.7568756875687569,0.0003933368855547195,0.9291929192919292,head_age_group;head_sex;head_education_group;n_adults_group;n_children_group
covid_robust_2022_2025,available_case,extended_composition,exposure_cov_hybrid,poverty,150621,-0.000996938344515137,0.9482948294829483,-0.007828783424260565,0.49154915491549156,head_age_group;head_sex;head_education_group;n_adults_group;n_children_group;single_parent_hh;homeowner
covid_robust_2022_2025,available_case,extended_composition,exposure_cov_hybrid,matdep,150621,0.00833203555148011,0.1471147114711471,0.008271455264904215,0.17431743174317432,head_age_group;head_sex;head_education_group;n_adults_group;n_children_group;single_parent_hh;homeowner
covid_robust_2022_2025,available_case,extended_composition,exposure_cov_hybrid,poverty_gap,150621,0.00033979600702585685,0.9680968096809681,-0.001644550449635882,0.7953795379537953,head_age_group;head_sex;head_education_group;n_adults_group;n_children_group;single_parent_hh;homeowner
covid_robust_2022_2025,available_case,extended_composition,exposure_cov_hybrid,poverty_gap_sq,150621,0.001589074645742023,0.7831783178317832,0.0006597759273132323,0.8924892489248925,head_age_group;head_sex;head_education_group;n_adults_group;n_children_group;single_parent_hh;homeowner
covid_robust_2022_2025,available_case,legacy_full,exposure_cov_hybrid,poverty,151307,0.007191347583479708,0.6085608560856086,0.006956262468570419,0.5851585158515852,hh_size;n_children;head_age_group;head_sex;head_labour_group;single_parent_hh;homeowner
covid_robust_2022_2025,available_case,legacy_full,exposure_cov_hybrid,matdep,151307,0.010957337727848284,0.038103810381038106,0.013381158673372714,0.09580958095809582,hh_size;n_children;head_age_group;head_sex;head_labour_group;single_parent_hh;homeowner
covid_robust_2022_2025,available_case,legacy_full,exposure_cov_hybrid,poverty_gap,151307,0.00416908596926497,0.6000600060006,0.0058549419873056745,0.47474747474747475,hh_size;n_children;head_age_group;head_sex;head_labour_group;single_parent_hh;homeowner
covid_robust_2022_2025,available_case,legacy_full,exposure_cov_hybrid,poverty_gap_sq,151307,0.004210358695700857,0.46894689468946893,0.005746463450141227,0.34373437343734375,hh_size;n_children;head_age_group;head_sex;head_labour_group;single_parent_hh;homeowner
covid_robust_2022_2025,common_sample,unadjusted,exposure_cov_hybrid,poverty,150621,0.002035656770172218,0.8931893189318932,-0.008028146754990998,0.495949594959496,
covid_robust_2022_2025,common_sample,unadjusted,exposure_cov_hybrid,matdep,150621,0.00971788761941759,0.08980898089808981,0.008026327359101975,0.2676267626762676,
covid_robust_2022_2025,common_sample,unadjusted,exposure_cov_hybrid,poverty_gap,150621,0.0018696181710417287,0.8078807880788079,-0.0018980188015659712,0.7634763476347635,
covid_robust_2022_2025,common_sample,unadjusted,exposure_cov_hybrid,poverty_gap_sq,150621,0.0026967051081752008,0.6295629562956295,0.0004921806871358411,0.9246924692469247,
covid_robust_2022_2025,common_sample,preferred_demographic,exposure_cov_hybrid,poverty,150621,-0.0008971987746146696,0.934993499349935,-0.008989919643647681,0.39593959395939593,head_age_group;head_sex;head_education_group;n_adults_group;n_children_group
covid_robust_2022_2025,common_sample,preferred_demographic,exposure_cov_hybrid,matdep,150621,0.008479478106958163,0.1337133713371337,0.007462487641306501,0.25512551255125515,head_age_group;head_sex;head_education_group;n_adults_group;n_children_group
covid_robust_2022_2025,common_sample,preferred_demographic,exposure_cov_hybrid,poverty_gap,150621,0.0003590233944041546,0.9556955695569557,-0.002112312805790873,0.7304730473047305,head_age_group;head_sex;head_education_group;n_adults_group;n_children_group
covid_robust_2022_2025,common_sample,preferred_demographic,exposure_cov_hybrid,poverty_gap_sq,150621,0.0016110441916069953,0.7568756875687569,0.0003933368855547195,0.9291929192919292,head_age_group;head_sex;head_education_group;n_adults_group;n_children_group
covid_robust_2022_2025,common_sample,extended_composition,exposure_cov_hybrid,poverty,150621,-0.000996938344515137,0.9482948294829483,-0.007828783424260565,0.49154915491549156,head_age_group;head_sex;head_education_group;n_adults_group;n_children_group;single_parent_hh;homeowner
covid_robust_2022_2025,common_sample,extended_composition,exposure_cov_hybrid,matdep,150621,0.00833203555148011,0.1471147114711471,0.008271455264904215,0.17431743174317432,head_age_group;head_sex;head_education_group;n_adults_group;n_children_group;single_parent_hh;homeowner
covid_robust_2022_2025,common_sample,extended_composition,exposure_cov_hybrid,poverty_gap,150621,0.00033979600702585685,0.9680968096809681,-0.001644550449635882,0.7953795379537953,head_age_group;head_sex;head_education_group;n_adults_group;n_children_group;single_parent_hh;homeowner
covid_robust_2022_2025,common_sample,extended_composition,exposure_cov_hybrid,poverty_gap_sq,150621,0.001589074645742023,0.7831783178317832,0.0006597759273132323,0.8924892489248925,head_age_group;head_sex;head_education_group;n_adults_group;n_children_group;single_parent_hh;homeowner
covid_robust_2022_2025,common_sample,legacy_full,exposure_cov_hybrid,poverty,150619,0.00711408420713436,0.6153615361536153,0.006602458126195746,0.6034603460346034,hh_size;n_children;head_age_group;head_sex;head_labour_group;single_parent_hh;homeowner
covid_robust_2022_2025,common_sample,legacy_full,exposure_cov_hybrid,matdep,150619,0.010983951565221644,0.030703070307030702,0.013443406690921096,0.09510951095109511,hh_size;n_children;head_age_group;head_sex;head_labour_group;single_parent_hh;homeowner
covid_robust_2022_2025,common_sample,legacy_full,exposure_cov_hybrid,poverty_gap,150619,0.004125211982712807,0.6054605460546054,0.005718702586019437,0.48934893489348935,hh_size;n_children;head_age_group;head_sex;head_labour_group;single_parent_hh;homeowner
covid_robust_2022_2025,common_sample,legacy_full,exposure_cov_hybrid,poverty_gap_sq,150619,0.00415698772949292,0.48004800480048004,0.005631329722479079,0.35333533353335334,hh_size;n_children;head_age_group;head_sex;head_labour_group;single_parent_hh;homeowner
covid_robust_2022_2025,available_case,unadjusted,exposure_exp_hybrid,poverty,151363,0.027146155615472567,0.08720872087208721,0.006432932940555439,0.5228522852285229,
covid_robust_2022_2025,available_case,unadjusted,exposure_exp_hybrid,matdep,151363,0.0019453592977729548,0.5082508250825083,0.009541536864703697,0.20532053205320533,
covid_robust_2022_2025,available_case,unadjusted,exposure_exp_hybrid,poverty_gap,151363,0.01063967023220299,0.1628162816281628,0.000385728322551769,0.9388938893889389,
covid_robust_2022_2025,available_case,unadjusted,exposure_exp_hybrid,poverty_gap_sq,151363,0.006669161242888459,0.18071807180718072,7.2377504024319e-05,0.9845984598459846,
covid_robust_2022_2025,available_case,preferred_demographic,exposure_exp_hybrid,poverty,150621,0.023252881624049045,0.11981198119811981,0.0009228540902345579,0.9193919391939194,head_age_group;head_sex;head_education_group;n_adults_group;n_children_group
covid_robust_2022_2025,available_case,preferred_demographic,exposure_exp_hybrid,matdep,150621,0.00027486620843651666,0.9206920692069207,0.006705338400210086,0.3169316931693169,head_age_group;head_sex;head_education_group;n_adults_group;n_children_group
covid_robust_2022_2025,available_case,preferred_demographic,exposure_exp_hybrid,poverty_gap,150621,0.009003328628507596,0.19091909190919093,-0.0020669125996184926,0.6691669166916692,head_age_group;head_sex;head_education_group;n_adults_group;n_children_group
covid_robust_2022_2025,available_case,preferred_demographic,exposure_exp_hybrid,poverty_gap_sq,150621,0.005617666139721112,0.22442244224422442,-0.0015101661356745444,0.711971197119712,head_age_group;head_sex;head_education_group;n_adults_group;n_children_group
covid_robust_2022_2025,available_case,extended_composition,exposure_exp_hybrid,poverty,150621,0.02324438037363976,0.11411141114111412,-0.0025228935403888812,0.7965796579657966,head_age_group;head_sex;head_education_group;n_adults_group;n_children_group;single_parent_hh;homeowner
covid_robust_2022_2025,available_case,extended_composition,exposure_exp_hybrid,matdep,150621,0.0002641456740709978,0.916891689168917,0.004327235368036339,0.49784978497849786,head_age_group;head_sex;head_education_group;n_adults_group;n_children_group;single_parent_hh;homeowner
covid_robust_2022_2025,available_case,extended_composition,exposure_exp_hybrid,poverty_gap,150621,0.009001204964612989,0.208020802080208,-0.0034605987560499566,0.4955495549554956,head_age_group;head_sex;head_education_group;n_adults_group;n_children_group;single_parent_hh;homeowner
covid_robust_2022_2025,available_case,extended_composition,exposure_exp_hybrid,poverty_gap_sq,150621,0.005615766561339645,0.24262426242624263,-0.0023013642169544078,0.5676567656765676,head_age_group;head_sex;head_education_group;n_adults_group;n_children_group;single_parent_hh;homeowner
covid_robust_2022_2025,available_case,legacy_full,exposure_exp_hybrid,poverty,151307,0.022016290274514336,0.10521052105210521,0.01092673470176269,0.20162016201620162,hh_size;n_children;head_age_group;head_sex;head_labour_group;single_parent_hh;homeowner
covid_robust_2022_2025,available_case,legacy_full,exposure_exp_hybrid,matdep,151307,-0.00010182057362874163,0.9631963196319632,0.009086928202363453,0.34493449344934496,hh_size;n_children;head_age_group;head_sex;head_labour_group;single_parent_hh;homeowner
covid_robust_2022_2025,available_case,legacy_full,exposure_exp_hybrid,poverty_gap,151307,0.008143900527403094,0.19121912191219123,0.0029970068052895503,0.5785578557855786,hh_size;n_children;head_age_group;head_sex;head_labour_group;single_parent_hh;homeowner
covid_robust_2022_2025,available_case,legacy_full,exposure_exp_hybrid,poverty_gap_sq,151307,0.004968651233404521,0.24142414241424143,0.0019197825848945868,0.6528652865286528,hh_size;n_children;head_age_group;head_sex;head_labour_group;single_parent_hh;homeowner
covid_robust_2022_2025,common_sample,unadjusted,exposure_exp_hybrid,poverty,150621,0.027536535279785744,0.0749074907490749,0.006808608901769036,0.49454945494549457,
covid_robust_2022_2025,common_sample,unadjusted,exposure_exp_hybrid,matdep,150621,0.0019864780960940215,0.5078507850785079,0.009642575845710816,0.20422042204220422,
covid_robust_2022_2025,common_sample,unadjusted,exposure_exp_hybrid,poverty_gap,150621,0.010721532935682536,0.16061606160616063,0.0005065146979268241,0.9205920592059206,
covid_robust_2022_2025,common_sample,unadjusted,exposure_exp_hybrid,poverty_gap_sq,150621,0.006700222906056737,0.1769176917691769,0.00016111291525463953,0.9673967396739674,
covid_robust_2022_2025,common_sample,preferred_demographic,exposure_exp_hybrid,poverty,150621,0.023252881624049045,0.11981198119811981,0.0009228540902345579,0.9193919391939194,head_age_group;head_sex;head_education_group;n_adults_group;n_children_group
covid_robust_2022_2025,common_sample,preferred_demographic,exposure_exp_hybrid,matdep,150621,0.00027486620843651666,0.9206920692069207,0.006705338400210086,0.3169316931693169,head_age_group;head_sex;head_education_group;n_adults_group;n_children_group
covid_robust_2022_2025,common_sample,preferred_demographic,exposure_exp_hybrid,poverty_gap,150621,0.009003328628507596,0.19091909190919093,-0.0020669125996184926,0.6691669166916692,head_age_group;head_sex;head_education_group;n_adults_group;n_children_group
covid_robust_2022_2025,common_sample,preferred_demographic,exposure_exp_hybrid,poverty_gap_sq,150621,0.005617666139721112,0.22442244224422442,-0.0015101661356745444,0.711971197119712,head_age_group;head_sex;head_education_group;n_adults_group;n_children_group
covid_robust_2022_2025,common_sample,extended_composition,exposure_exp_hybrid,poverty,150621,0.02324438037363976,0.11411141114111412,-0.0025228935403888812,0.7965796579657966,head_age_group;head_sex;head_education_group;n_adults_group;n_children_group;single_parent_hh;homeowner
covid_robust_2022_2025,common_sample,extended_composition,exposure_exp_hybrid,matdep,150621,0.0002641456740709978,0.916891689168917,0.004327235368036339,0.49784978497849786,head_age_group;head_sex;head_education_group;n_adults_group;n_children_group;single_parent_hh;homeowner
covid_robust_2022_2025,common_sample,extended_composition,exposure_exp_hybrid,poverty_gap,150621,0.009001204964612989,0.208020802080208,-0.0034605987560499566,0.4955495549554956,head_age_group;head_sex;head_education_group;n_adults_group;n_children_group;single_parent_hh;homeowner
covid_robust_2022_2025,common_sample,extended_composition,exposure_exp_hybrid,poverty_gap_sq,150621,0.005615766561339645,0.24262426242624263,-0.0023013642169544078,0.5676567656765676,head_age_group;head_sex;head_education_group;n_adults_group;n_children_group;single_parent_hh;homeowner
covid_robust_2022_2025,common_sample,legacy_full,exposure_exp_hybrid,poverty,150619,0.022448384801173726,0.09710971097109711,0.011313583479670562,0.19131913191319133,hh_size;n_children;head_age_group;head_sex;head_labour_group;single_parent_hh;homeowner
covid_robust_2022_2025,common_sample,legacy_full,exposure_exp_hybrid,matdep,150619,8.384326401758244e-05,0.9723972397239724,0.009266922817496118,0.3341334133413341,hh_size;n_children;head_age_group;head_sex;head_labour_group;single_parent_hh;homeowner
covid_robust_2022_2025,common_sample,legacy_full,exposure_exp_hybrid,poverty_gap,150619,0.008250391688966505,0.18821882188218822,0.0031092945697985186,0.5626562656265627,hh_size;n_children;head_age_group;head_sex;head_labour_group;single_parent_hh;homeowner
covid_robust_2022_2025,common_sample,legacy_full,exposure_exp_hybrid,poverty_gap_sq,150619,0.005009294544446138,0.23932393239323932,0.001978996778569338,0.6452645264526453,hh_size;n_children;head_age_group;head_sex;head_labour_group;single_parent_hh;homeowner
