year,drgn2,region,benefit_component,n_households,n_first_recipients,n_max_recipients,recipient_count_difference,weighted_first_recipients,weighted_max_recipients,weighted_recipient_difference,mean_first_monthly,mean_max_monthly,mean_monthly_difference,households_first_below_max,households_multiple_positive_rows,households_multiple_distinct_positive,weighted_recipient_pct_difference,material_difference
2018,63,Ciudad de Ceuta,bsarg_s,115,0,1,1,0.0,174.73,174.73,,49.43999999999999,,1,0,0,1.0,True
2017,23,La Rioja,bsa00_s,355,2,7,5,588.09,2695.8200000000006,2107.7300000000005,239.68185158734207,411.8549474371433,172.17309584980126,5,0,0,0.7818511621695811,True
2018,64,Ciudad de Melilla,bsa00_s,128,1,2,1,51.49,166.74,115.25,1386.3,477.72302386949735,-908.5769761305025,1,0,0,0.6911958738155212,True
2017,64,Ciudad de Melilla,bsa00_s,120,2,5,3,263.07,715.65,452.58,477.65076519557533,332.9073594634249,-144.74340573215045,3,0,0,0.632404108153427,True
2019,11,Galicia,bsarg_s,869,2,3,1,2109.99,5702.01,3592.0200000000004,530.5602775368603,520.9658605649587,-9.594416971901637,1,0,0,0.6299568047057091,True
2018,30,Comunidad de Madrid,bsa00_s,1220,9,18,9,15322.94,40863.48000000001,25540.540000000008,572.9266042352186,413.89033896280966,-159.03626527240897,9,0,0,0.6250211680454039,True
2017,21,País Vasco,bsa00_s,749,6,11,5,5815.47,15115.44,9299.970000000001,706.8719321912073,753.8772043618974,47.00527217069009,5,0,0,0.6152629364411489,True
2017,53,Illes Balears,bsa00_s,318,4,8,4,4373.63,10893.329999999998,6519.699999999998,270.25158776576893,222.72134309710623,-47.530244668662704,4,0,0,0.5985038551113387,True
2019,30,Comunidad de Madrid,bsa00_s,1361,10,23,13,18154.99,41021.850000000006,22866.860000000004,385.27013206286534,318.70992728265537,-66.56020478020997,13,0,0,0.5574312226289161,True
2017,13,Cantabria,bsa00_s,388,4,7,3,1892.66,4222.110000000001,2329.4500000000007,131.9441493982015,207.06714469779322,75.12299529959174,3,0,0,0.5517265064150391,True
2018,22,Comunidad Foral de Navarra,bsa00_s,349,2,5,3,1568.27,3393.3100000000004,1825.0400000000004,985.1942043143081,629.1521951133259,-356.0420092009822,3,0,0,0.5378347395316079,True
2018,30,Comunidad de Madrid,bsarg_s,1220,3,6,3,1823.43,3902.4900000000002,2079.0600000000004,469.93,402.9942869296269,-66.93571307037308,3,0,0,0.5327521659248327,True
2019,62,Región de Murcia,bsa00_s,647,15,27,12,10560.26,22511.429999999997,11951.169999999996,516.2180453132781,477.67482128412104,-38.5432240291571,12,0,0,0.5308934172551454,True
2019,51,Cataluña,bsa00_s,3308,47,71,24,31685.11,62724.8,31039.690000000002,312.95144067986513,376.87474575128164,63.92330507141651,24,0,0,0.4948551450144122,True
2019,43,Extremadura,bsa00_s,663,11,17,6,8689.140000000001,16578.37,7889.229999999998,416.624939706346,412.61410043930744,-4.010839267038591,6,0,0,0.47587488999220057,True
2018,12,Principado de Asturias,bsa00_s,514,12,16,4,7966.24,14565.79,6599.550000000001,626.2565250733094,438.13260728048385,-188.12391779282552,4,0,0,0.4530856204847111,True
2017,42,Castilla-La Mancha,bsarg_s,612,1,2,1,252.8,458.88,206.07999999999998,50.0,319.518940027894,269.518940027894,1,1,1,0.44909344490934444,True
2018,62,Región de Murcia,bsa00_s,526,7,11,4,5510.6,9873.1,4362.5,215.82524142561607,172.81465285472646,-43.01058857088961,4,0,0,0.441857167455004,True
2017,62,Región de Murcia,bsa00_s,494,11,18,7,12815.21,22497.969999999998,9682.759999999998,312.1159769133709,316.015436357147,3.899459443776095,7,0,0,0.4303837190644311,True
2018,61,Andalucía,bsa00_s,1363,29,49,20,62617.88,105227.00000000001,42609.12000000002,533.144214422462,499.26629843006066,-33.87791599240137,20,0,0,0.40492573198893833,True
2019,21,País Vasco,bsa00_s,871,10,17,7,11761.210000000001,19306.33,7545.120000000001,393.15345156663295,422.56284032231906,29.40938875568611,7,0,0,0.39081068229953597,True
2017,63,Ciudad de Ceuta,bsa00_s,104,3,4,1,419.31999999999994,684.69,265.3700000000001,728.6320528474674,494.7635043596372,-233.86854848783025,1,0,0,0.3875768596006953,True
2017,43,Extremadura,bsarg_s,517,5,7,2,2664.59,4325.91,1661.3199999999997,194.76619757636263,350.291759329251,155.5255617528884,2,0,0,0.384039427542413,True
2017,30,Comunidad de Madrid,bsa00_s,1261,11,18,7,21088.589999999997,34147.85,13059.260000000002,455.95527731820863,502.91392203315877,46.95864471495014,7,0,0,0.3824328618053553,True
2019,52,Comunitat Valenciana,bsa00_s,1056,10,20,10,30131.78,47937.69,17805.910000000003,326.4855659240842,319.7260348652594,-6.759531058824791,10,0,0,0.3714386321076381,True
2019,13,Cantabria,bsarg_s,463,6,9,3,1623.9199999999998,2498.79,874.8700000000001,475.06683303364696,514.2543364588462,39.187503425199225,3,0,0,0.35011745684911505,True
2017,61,Andalucía,bsa00_s,1409,30,45,15,75916.11999999998,116329.56999999999,40413.45000000001,358.8473157677185,475.08300267937034,116.23568691165184,15,0,0,0.34740479140428365,True
2017,12,Principado de Asturias,bsa00_s,553,8,13,5,4658.13,7003.3099999999995,2345.1799999999994,740.5534714144947,625.8963050471848,-114.65716636730986,5,0,0,0.3348673698579671,True
2017,42,Castilla-La Mancha,bsa00_s,612,6,9,3,8215.11,12317.39,4102.279999999999,388.5022401647695,336.51542092115295,-51.98681924361654,3,0,0,0.33304782912613784,True
2017,61,Andalucía,bsarg_s,1409,7,10,3,11760.18,17386.27,5626.09,343.2490393004188,358.0027166724087,14.753677371989909,3,0,0,0.3235938473289556,True
2018,52,Comunitat Valenciana,bsa00_s,808,15,22,7,42880.28,63360.25,20479.97,512.5443067326053,519.3828640448862,6.838557312280955,7,0,0,0.32323057437431196,True
2017,70,Canarias,bsa00_s,495,11,16,5,15459.810000000001,22619.73,7159.919999999998,320.7862404195136,397.955526166758,77.16928574724437,5,0,0,0.31653428223944313,True
2017,11,Galicia,bsa00_s,835,9,16,7,17062.33,24945.9,7883.57,366.3431286699998,480.0040419187121,113.66091324871229,7,0,0,0.3160266817392838,True
2018,11,Galicia,bsarg_s,782,6,8,2,4159.3,6055.1,1895.8000000000002,440.56566470319524,457.7010965301976,17.135431827002378,2,0,0,0.31309144357648927,True
2019,63,Ciudad de Ceuta,bsarg_s,127,2,3,1,144.65,204.73000000000002,60.08000000000001,165.3053155893536,213.63656474380886,48.331249154455264,1,0,0,0.2934596786010844,True
2019,63,Ciudad de Ceuta,bsa00_s,127,4,7,3,811.14,1144.26,333.12,672.7197473925586,740.431018212644,67.71127082008536,3,0,0,0.2911226469508678,True
2019,61,Andalucía,bsa00_s,1838,39,55,16,76911.01,107828.22999999998,30917.219999999987,474.11776513791716,405.9852453091367,-68.13251982878046,16,0,0,0.28672658356721603,True
2018,42,Castilla-La Mancha,bsa00_s,607,15,20,5,13796.800000000001,19195.129999999997,5398.329999999996,355.8719639336658,358.71018495316264,2.838221019496814,5,0,0,0.28123435475560715,True
2018,51,Cataluña,bsa00_s,2798,31,42,11,36196.130000000005,50163.159999999996,13967.029999999992,361.69834606904107,342.9489140217642,-18.749432047276855,11,0,0,0.2784320206302791,True
2019,70,Canarias,bsa00_s,500,9,13,4,15535.220000000001,21307.88,5772.66,688.1527082268548,623.1426231844745,-65.0100850423803,4,0,0,0.270916674957809,True
2018,22,Comunidad Foral de Navarra,bsarg_s,349,14,20,6,9710.14,13236.93,3526.790000000001,619.9385588570299,585.0214027648404,-34.91715609218943,6,0,0,0.2664356463318912,True
2018,53,Illes Balears,bsa00_s,334,5,7,2,3618.69,4921.280000000001,1302.5900000000006,329.3752787334643,279.15875030479873,-50.21652842866558,2,0,0,0.26468520384940514,True
2017,51,Cataluña,bsa00_s,2952,35,47,12,33803.18,45898.81,12095.629999999997,417.43034533437384,355.43031079455,-62.000034539823844,12,0,0,0.2635281829746784,True
2018,21,País Vasco,bsa00_s,750,6,8,2,7442.03,10055.849999999999,2613.819999999999,541.3963716217215,435.3419619326065,-106.054409689115,2,0,0,0.25993028933406914,True
2019,13,Cantabria,bsa00_s,463,6,8,2,2967.3500000000004,3971.6600000000003,1004.31,413.1220325205991,326.12883784110426,-86.99319467949482,2,0,0,0.2528690774134744,True
2019,64,Ciudad de Melilla,bsa00_s,152,2,4,2,382.02,510.05000000000007,128.0300000000001,541.2787657714256,705.0718555043621,163.79308973293655,2,0,0,0.2510146064111363,True
2019,21,País Vasco,bsarg_s,871,37,46,9,36403.52,48050.50999999999,11646.98999999999,711.9242823248961,650.2351937867052,-61.68908853819096,9,0,0,0.24239055943422855,True
2018,24,Aragón,bsa00_s,495,5,6,1,4534.299999999999,5980.75,1446.4500000000007,399.0953516529564,338.2395242235506,-60.85582742940585,1,0,0,0.24185093842745486,True
2019,11,Galicia,bsa00_s,869,21,27,6,21083.9,27315.37,6231.4699999999975,605.7102271780836,551.6843371698791,-54.025890008204556,6,0,0,0.22813053603154554,True
2019,12,Principado de Asturias,bsa00_s,564,10,14,4,7105.45,9185.7,2080.250000000001,537.4054845787388,497.2596625842342,-40.14582199450456,4,0,0,0.2264661375834178,True
2018,23,La Rioja,bsa00_s,367,5,8,3,1508.6699999999998,1945.7299999999998,437.05999999999995,273.7942036363155,242.16466267159373,-31.62954096472177,3,0,0,0.22462520493593663,True
2019,23,La Rioja,bsa00_s,423,4,6,2,1585.8899999999999,2035.2700000000002,449.38000000000034,447.5177673104692,491.5794931385024,44.06172582803322,2,0,0,0.2207962579903405,True
2019,61,Andalucía,bsarg_s,1838,8,10,2,18664.68,23942.28,5277.5999999999985,279.70512556336354,264.77754154575086,-14.927584017612674,2,0,0,0.2204301344734085,True
2019,24,Aragón,bsa00_s,553,9,13,4,12629.51,16177.179999999998,3547.6699999999983,365.81207120466274,424.24066726710095,58.4285960624382,4,0,0,0.21930089174998355,True
2017,52,Comunitat Valenciana,bsa00_s,861,14,19,5,30254.23,38486.049999999996,8231.819999999996,497.7772144622421,540.0011824726103,42.22396801036814,5,0,0,0.21389100726107244,True
2018,42,Castilla-La Mancha,bsarg_s,607,3,4,1,739.26,940.1199999999999,200.8599999999999,315.31733517301086,304.2421031357699,-11.075232037240937,1,0,0,0.21365357613921618,True
2019,42,Castilla-La Mancha,bsa00_s,756,10,15,5,11729.66,14893.640000000001,3163.9800000000014,332.14340128358367,316.0237747521761,-16.11962653140756,5,0,0,0.21243832938086332,True
2018,12,Principado de Asturias,bsarg_s,514,12,15,3,11799.48,14933.989999999998,3134.5099999999984,446.3643581666312,422.83352280268036,-23.530835363950814,3,0,0,0.209890993632646,True
2017,41,Castilla y León,bsa00_s,814,15,18,3,16465.75,20737.999999999996,4272.249999999996,322.66495874770357,294.6582628749157,-28.006695872787873,3,0,0,0.20601070498601587,True
2019,70,Canarias,bsarg_s,500,33,41,8,13124.380000000001,16378.88,3254.499999999998,512.6985629873564,474.49511274275164,-38.20345024460471,8,1,0,0.1987010100812753,True
2019,53,Illes Balears,bsa00_s,466,4,6,2,8576.1,10685.75,2109.6499999999996,250.11932160305963,226.84910577170527,-23.270215831354363,2,0,0,0.19742647918957487,True
2018,53,Illes Balears,bsarg_s,334,8,10,2,5985.200000000001,7444.349999999999,1459.1499999999987,472.6041650738488,494.00365050004365,21.39948542619487,2,0,0,0.1960077105455814,True
2018,70,Canarias,bsarg_s,490,37,44,7,12175.56,15045.039999999999,2869.4799999999996,475.46354519217203,503.9644901907872,28.500944998615182,8,2,2,0.19072598012368194,True
2018,13,Cantabria,bsa00_s,412,4,8,4,5199.85,6419.719999999999,1219.869999999999,361.03520201544274,383.9501743222446,22.91497230680187,4,0,0,0.1900191908681374,True
2019,53,Illes Balears,bsarg_s,466,9,12,3,6076.56,7464.389999999999,1387.829999999999,363.5178769566992,400.2060467097781,36.68816975307891,3,0,0,0.1859267803531165,True
2019,43,Extremadura,bsarg_s,663,7,9,2,2862.34,3471.86,609.52,591.1034841423452,555.874201839936,-35.229282302409274,2,0,0,0.1755600744269642,True
2019,51,Cataluña,bsarg_s,3308,101,115,14,73481.22000000002,88900.41,15419.189999999988,529.2844848493262,492.4473305657421,-36.837154283584084,14,0,0,0.17344340706640146,True
2017,30,Comunidad de Madrid,bsarg_s,1261,4,5,1,2799.56,3356.12,556.56,556.9381396362286,559.918491531888,2.980351895659396,1,0,0,0.16583435634005933,True
2019,30,Comunidad de Madrid,bsarg_s,1361,5,6,1,3468.14,4145.6,677.4600000000005,427.02188960076586,453.2319748166731,26.210085215907213,1,0,0,0.16341663450405258,True
2019,12,Principado de Asturias,bsarg_s,564,17,20,3,11245.85,13378.38,2132.529999999999,408.6991615573745,394.5561531366279,-14.143008420746582,3,0,0,0.1594012130018731,True
2017,52,Comunitat Valenciana,bsarg_s,861,20,24,4,47632.03999999999,56539.14,8907.100000000006,417.3512632253417,401.68518486308784,-15.66607836225387,4,0,0,0.15753865375384213,True
2018,51,Cataluña,bsarg_s,2798,68,76,8,63657.13,75312.76,11655.629999999997,539.665183648713,571.1207998551641,31.455616206451168,8,1,0,0.15476301758161562,True
2018,41,Castilla y León,bsa00_s,783,15,19,4,16927.82,20024.539999999994,3096.719999999994,574.9188932951793,593.1925177856772,18.273624490497923,4,0,0,0.15464624905241242,True
2019,41,Castilla y León,bsa00_s,872,12,14,2,17461.329999999998,20615.109999999997,3153.779999999999,487.10658010586826,479.72690145238136,-7.379678653486906,2,0,0,0.1529839035542376,True
2017,43,Extremadura,bsa00_s,517,14,18,4,12940.369999999997,15277.12,2336.7500000000036,415.5874278865288,410.0897205166942,-5.497707369834643,4,0,0,0.15295749460631347,True
2018,52,Comunitat Valenciana,bsarg_s,808,20,23,3,51128.009999999995,59855.29,8727.280000000006,350.2011432011534,332.19505414809623,-18.006089053057167,3,0,0,0.14580632722688347,True
2017,51,Cataluña,bsarg_s,2952,91,103,12,66210.89,77029.57999999999,10818.689999999988,578.1062216200387,567.6394040951542,-10.466817524884505,12,0,0,0.14044851341523593,True
2017,11,Galicia,bsarg_s,835,5,7,2,5627.290000000001,6495.3099999999995,868.0199999999986,374.30503116064745,368.57892833444447,-5.726102826202975,2,0,0,0.13363796339204728,True
2018,11,Galicia,bsa00_s,782,13,16,3,17259.609999999997,19921.85,2662.2400000000016,451.8273036181003,495.0104259644562,43.1831223463559,3,0,0,0.13363417554092627,True
2017,12,Principado de Asturias,bsarg_s,553,13,15,2,11665.159999999998,13252.869999999999,1587.710000000001,474.02654405940433,478.11092074395975,4.084376684555423,2,0,0,0.11980122041489889,True
2017,21,País Vasco,bsarg_s,749,33,38,5,38133.09,43100.70999999999,4967.619999999995,742.2508806393607,732.803332337217,-9.447548302143787,5,0,0,0.11525610598990124,True
2018,61,Andalucía,bsarg_s,1363,7,8,1,15695.4,17629.33,1933.930000000002,360.929506492348,361.5340052855099,0.6044987931618948,1,0,0,0.1096995745158779,True
2018,43,Extremadura,bsa00_s,527,13,15,2,10437.980000000001,11620.520000000002,1182.5400000000009,526.8054200908605,525.3648709007858,-1.4405491900746483,2,0,0,0.10176308805457937,True
2017,53,Illes Balears,bsarg_s,318,4,5,1,6833.46,7558.86,725.3999999999996,425.67275847081856,439.4360596836031,13.76330121278454,1,0,0,0.09596685214437094,True
2018,63,Ciudad de Ceuta,bsa00_s,115,3,4,1,532.17,584.78,52.610000000000014,915.65795986245,901.5551583501486,-14.102801512301312,1,0,0,0.08996545709497591,True
2019,52,Comunitat Valenciana,bsarg_s,1056,24,29,5,53470.97,58578.37,5107.4000000000015,397.8612845456142,382.02684183086694,-15.83444271474724,5,0,0,0.08718917921410242,True
2018,70,Canarias,bsa00_s,490,10,12,2,19457.34,21244.98,1787.6399999999994,312.60843073616434,308.822630287249,-3.7858004489153245,2,0,0,0.08414411310342487,True
2018,21,País Vasco,bsarg_s,750,31,36,5,35142.659999999996,37987.8,2845.1400000000067,806.9291709250239,824.4942716687988,17.565100743774906,5,0,0,0.07489615086948985,True
2019,22,Comunidad Foral de Navarra,bsarg_s,398,11,14,3,11584.53,12381.44,796.9099999999999,608.5136095465245,601.4139021390082,-7.099707407516348,3,0,0,0.06436327276956476,True
2017,22,Comunidad Foral de Navarra,bsa00_s,389,8,9,1,7007.02,7430.22,423.1999999999998,434.486477832231,413.5779139648623,-20.908563867368684,1,0,0,0.056956590787352164,True
2017,70,Canarias,bsarg_s,495,39,40,1,15344.219999999998,15716.02,371.8000000000029,499.2520249709664,501.3004703862683,2.0484454153018987,1,0,0,0.02365738908451395,False
2017,22,Comunidad Foral de Navarra,bsarg_s,389,20,21,1,14048.310000000001,14325.33,277.0199999999986,543.8056472771457,546.0079171998132,2.202269922667483,1,0,0,0.019337774417762008,False
2017,24,Aragón,bsa00_s,514,7,7,0,8579.74,8579.74,0.0,546.1835422402078,546.1835422402078,0.0,0,0,0,0.0,False
2017,13,Cantabria,bsarg_s,388,6,6,0,3273.9300000000003,3273.9300000000003,0.0,394.12667247008943,394.12667247008943,0.0,0,0,0,0.0,False
2017,41,Castilla y León,bsarg_s,814,3,3,0,4091.7799999999997,4091.7799999999997,0.0,298.5426882676977,298.5426882676977,0.0,0,0,0,0.0,False
2017,62,Región de Murcia,bsarg_s,494,1,1,0,487.02,487.02,0.0,463.22,463.22,0.0,0,0,0,0.0,False
2018,13,Cantabria,bsarg_s,412,6,6,0,3445.5599999999995,3445.5599999999995,0.0,411.80241850381367,411.80241850381367,0.0,0,0,0,0.0,False
2018,41,Castilla y León,bsarg_s,783,2,2,0,2367.67,2367.67,0.0,604.8135776100554,604.8135776100554,0.0,0,0,0,0.0,False
2018,43,Extremadura,bsarg_s,527,6,6,0,4006.1499999999996,4006.1499999999996,0.0,469.9619334273555,469.9619334273555,0.0,0,0,0,0.0,False
2018,62,Región de Murcia,bsarg_s,526,1,1,0,961.61,961.61,0.0,579.02,579.02,0.0,0,0,0,0.0,False
2018,64,Ciudad de Melilla,bsarg_s,128,1,1,0,21.25,21.25,0.0,393.6,393.6,0.0,0,0,0,0.0,False
2019,22,Comunidad Foral de Navarra,bsa00_s,398,3,3,0,1341.8799999999999,1341.8799999999999,0.0,295.1206297880585,295.1206297880585,0.0,0,0,0,0.0,False
2019,41,Castilla y León,bsarg_s,872,3,3,0,3208.4300000000003,3208.4300000000003,0.0,448.94340830250303,448.94340830250303,0.0,0,0,0,0.0,False
2019,42,Castilla-La Mancha,bsarg_s,756,4,4,0,650.82,650.82,0.0,405.4555056697704,405.4555056697704,0.0,0,0,0,0.0,False
2019,64,Ciudad de Melilla,bsarg_s,152,1,1,0,16.8,16.8,0.0,393.6,393.6,0.0,0,0,0,0.0,False
2017,23,La Rioja,bsarg_s,355,0,0,0,0.0,0.0,0.0,,,,8,0,0,,False
2017,24,Aragón,bsarg_s,514,0,0,0,0.0,0.0,0.0,,,,8,2,0,,False
2017,63,Ciudad de Ceuta,bsarg_s,104,0,0,0,0.0,0.0,0.0,,,,0,0,0,,False
2017,64,Ciudad de Melilla,bsarg_s,120,0,0,0,0.0,0.0,0.0,,,,0,0,0,,False
2018,23,La Rioja,bsarg_s,367,0,0,0,0.0,0.0,0.0,,,,10,0,0,,False
2018,24,Aragón,bsarg_s,495,0,0,0,0.0,0.0,0.0,,,,10,0,0,,False
2019,23,La Rioja,bsarg_s,423,0,0,0,0.0,0.0,0.0,,,,30,1,0,,False
2019,24,Aragón,bsarg_s,553,0,0,0,0.0,0.0,0.0,,,,14,2,0,,False
2019,62,Región de Murcia,bsarg_s,647,0,0,0,0.0,0.0,0.0,,,,0,0,0,,False
