model,exposure_spec,exposure_label,outcome,outcome_label,year,rel_year,term,coef,se,ci_low,ci_high,ci_95,pval_crv1,pval_wbt,pretrend_wald_p,pre_period,reference_year,n_obs,n_clusters,coef_rounded,se_rounded,pval_crv1_rounded,pval_wbt_rounded
alternative_exposure_event_study,exposure_admin,Administrative,matdep,Severe material deprivation,2017,-2,year::2017:_exposure,0.0019568069371503644,0.002102031314991269,-0.0024993003866286487,0.0064129142609293775,"[-0.0025, 0.0064]",0.36573316791432897,,0.2874786837297003,True,2019,171933,17,0.002,0.0021,0.3657,
alternative_exposure_event_study,exposure_admin,Administrative,matdep,Severe material deprivation,2018,-1,year::2018:_exposure,-0.003492413031665872,0.002247211005994627,-0.008256287551742209,0.0012714614884104646,"[-0.0083, 0.0013]",0.13971361834538798,,0.2874786837297003,True,2019,171933,17,-0.0035,0.0022,0.1397,
alternative_exposure_event_study,exposure_admin,Administrative,matdep,Severe material deprivation,2019,0,reference,0.0,0.0,0.0,0.0,"[0.0, 0.0]",,,0.2874786837297003,True,2019,171933,17,0.0,0.0,,
alternative_exposure_event_study,exposure_admin,Administrative,matdep,Severe material deprivation,2021,2,year::2021:_exposure,0.005201492622555306,0.0019497497828875954,0.001068207725656402,0.009334777519454211,"[0.0011, 0.0093]",0.016846689491196942,,0.2874786837297003,False,2019,171933,17,0.0052,0.0019,0.0168,
alternative_exposure_event_study,exposure_admin,Administrative,matdep,Severe material deprivation,2022,3,year::2022:_exposure,0.007139506176702627,0.002379172632032431,0.0020958855062948962,0.012183126847110357,"[0.0021, 0.0122]",0.008464729778267843,,0.2874786837297003,False,2019,171933,17,0.0071,0.0024,0.0085,
alternative_exposure_event_study,exposure_admin,Administrative,matdep,Severe material deprivation,2023,4,year::2023:_exposure,0.007641365734241518,0.002891584634736371,0.001511480143917129,0.013771251324565907,"[0.0015, 0.0138]",0.01773400958633764,,0.2874786837297003,False,2019,171933,17,0.0076,0.0029,0.0177,
alternative_exposure_event_study,exposure_admin,Administrative,matdep,Severe material deprivation,2024,5,year::2024:_exposure,0.004258792549214408,0.002471697304880516,-0.0009809716654726906,0.009498556763901506,"[-0.001, 0.0095]",0.10415194321905274,,0.2874786837297003,False,2019,171933,17,0.0043,0.0025,0.1042,
alternative_exposure_event_study,exposure_admin,Administrative,matdep,Severe material deprivation,2025,6,year::2025:_exposure,0.006671887990795153,0.0033129478687459924,-0.0003512477522032379,0.013695023733793544,"[-0.0004, 0.0137]",0.06115473329017962,,0.2874786837297003,False,2019,171933,17,0.0067,0.0033,0.0612,
alternative_exposure_event_study,exposure_admin,Administrative,poverty,At-risk-of-poverty,2017,-2,year::2017:_exposure,0.003891257605221952,0.0037006081627715148,-0.003953681249378814,0.011736196459822719,"[-0.004, 0.0117]",0.30864343418254836,,0.019422600832732832,True,2019,171933,17,0.0039,0.0037,0.3086,
alternative_exposure_event_study,exposure_admin,Administrative,poverty,At-risk-of-poverty,2018,-1,year::2018:_exposure,0.007196854094297524,0.0026571288774644326,0.0015639925062468493,0.012829715682348197,"[0.0016, 0.0128]",0.015499474123270351,,0.019422600832732832,True,2019,171933,17,0.0072,0.0027,0.0155,
alternative_exposure_event_study,exposure_admin,Administrative,poverty,At-risk-of-poverty,2019,0,reference,0.0,0.0,0.0,0.0,"[0.0, 0.0]",,,0.019422600832732832,True,2019,171933,17,0.0,0.0,,
alternative_exposure_event_study,exposure_admin,Administrative,poverty,At-risk-of-poverty,2021,2,year::2021:_exposure,0.00023060183998987853,0.003911560069478068,-0.008061535079518936,0.008522738759498693,"[-0.0081, 0.0085]",0.9537188478460499,,0.019422600832732832,False,2019,171933,17,0.0002,0.0039,0.9537,
alternative_exposure_event_study,exposure_admin,Administrative,poverty,At-risk-of-poverty,2022,3,year::2022:_exposure,-0.0009109553682807639,0.0019322083925716806,-0.005007054178893252,0.003185143442331724,"[-0.005, 0.0032]",0.643678266295423,,0.019422600832732832,False,2019,171933,17,-0.0009,0.0019,0.6437,
alternative_exposure_event_study,exposure_admin,Administrative,poverty,At-risk-of-poverty,2023,4,year::2023:_exposure,0.0006082608036273599,0.003988624109940067,-0.007847244583636248,0.009063766190890969,"[-0.0078, 0.0091]",0.8806999785517393,,0.019422600832732832,False,2019,171933,17,0.0006,0.004,0.8807,
alternative_exposure_event_study,exposure_admin,Administrative,poverty,At-risk-of-poverty,2024,5,year::2024:_exposure,0.0022569723587179793,0.004317884889723488,-0.006896534700434225,0.011410479417870184,"[-0.0069, 0.0114]",0.6083434323831209,,0.019422600832732832,False,2019,171933,17,0.0023,0.0043,0.6083,
alternative_exposure_event_study,exposure_admin,Administrative,poverty,At-risk-of-poverty,2025,6,year::2025:_exposure,-0.0003211441320261774,0.00314478056524892,-0.0069877811171853745,0.00634549285313302,"[-0.007, 0.0063]",0.9199305237760147,,0.019422600832732832,False,2019,171933,17,-0.0003,0.0031,0.9199,
alternative_exposure_event_study,exposure_admin,Administrative,poverty_gap,Poverty gap,2017,-2,year::2017:_exposure,0.0033579738031481138,0.000866571045957679,0.0015209252506707249,0.005195022355625503,"[0.0015, 0.0052]",0.0013426338349762368,,0.0002796748757040579,True,2019,171933,17,0.0034,0.0009,0.0013,
alternative_exposure_event_study,exposure_admin,Administrative,poverty_gap,Poverty gap,2018,-1,year::2018:_exposure,0.001398377832944695,0.0018016043485643608,-0.0024208527726769496,0.00521760843856634,"[-0.0024, 0.0052]",0.44896234478737096,,0.0002796748757040579,True,2019,171933,17,0.0014,0.0018,0.449,
alternative_exposure_event_study,exposure_admin,Administrative,poverty_gap,Poverty gap,2019,0,reference,0.0,0.0,0.0,0.0,"[0.0, 0.0]",,,0.0002796748757040579,True,2019,171933,17,0.0,0.0,,
alternative_exposure_event_study,exposure_admin,Administrative,poverty_gap,Poverty gap,2021,2,year::2021:_exposure,0.0010456857539183166,0.0018132610355506185,-0.002798255924216859,0.0048896274320534925,"[-0.0028, 0.0049]",0.5721750907046528,,0.0002796748757040579,False,2019,171933,17,0.001,0.0018,0.5722,
alternative_exposure_event_study,exposure_admin,Administrative,poverty_gap,Poverty gap,2022,3,year::2022:_exposure,0.0006379580045329716,0.00192581992372945,-0.0034445978571269616,0.004720513866192905,"[-0.0034, 0.0047]",0.7447428925736728,,0.0002796748757040579,False,2019,171933,17,0.0006,0.0019,0.7447,
alternative_exposure_event_study,exposure_admin,Administrative,poverty_gap,Poverty gap,2023,4,year::2023:_exposure,0.000894588064556336,0.002626555491486017,-0.004673460840543558,0.00646263696965623,"[-0.0047, 0.0065]",0.7378405047015015,,0.0002796748757040579,False,2019,171933,17,0.0009,0.0026,0.7378,
alternative_exposure_event_study,exposure_admin,Administrative,poverty_gap,Poverty gap,2024,5,year::2024:_exposure,0.0019520928123265466,0.0024808743796230523,-0.0033071259317386044,0.007211311556391698,"[-0.0033, 0.0072]",0.44286542727710687,,0.0002796748757040579,False,2019,171933,17,0.002,0.0025,0.4429,
alternative_exposure_event_study,exposure_admin,Administrative,poverty_gap,Poverty gap,2025,6,year::2025:_exposure,0.000465673706073785,0.0016341935923000024,-0.0029986619501964082,0.0039300093623439785,"[-0.003, 0.0039]",0.7793331113073401,,0.0002796748757040579,False,2019,171933,17,0.0005,0.0016,0.7793,
alternative_exposure_event_study,exposure_admin,Administrative,poverty_gap_sq,Squared poverty gap,2017,-2,year::2017:_exposure,0.002291726284865078,0.000951718140603716,0.00027417395523426143,0.004309278614495895,"[0.0003, 0.0043]",0.028462947790350857,,0.010162695455304254,True,2019,171933,17,0.0023,0.001,0.0285,
alternative_exposure_event_study,exposure_admin,Administrative,poverty_gap_sq,Squared poverty gap,2018,-1,year::2018:_exposure,0.0003598879275152112,0.0016035034844046746,-0.003039387606394005,0.003759163461424427,"[-0.003, 0.0038]",0.82525714819916,,0.010162695455304254,True,2019,171933,17,0.0004,0.0016,0.8253,
alternative_exposure_event_study,exposure_admin,Administrative,poverty_gap_sq,Squared poverty gap,2019,0,reference,0.0,0.0,0.0,0.0,"[0.0, 0.0]",,,0.010162695455304254,True,2019,171933,17,0.0,0.0,,
alternative_exposure_event_study,exposure_admin,Administrative,poverty_gap_sq,Squared poverty gap,2021,2,year::2021:_exposure,0.0010091372654140128,0.0017657666960414057,-0.002734120910712569,0.004752395441540595,"[-0.0027, 0.0048]",0.5756012525615954,,0.010162695455304254,False,2019,171933,17,0.001,0.0018,0.5756,
alternative_exposure_event_study,exposure_admin,Administrative,poverty_gap_sq,Squared poverty gap,2022,3,year::2022:_exposure,0.0012604801623747669,0.001972258252480354,-0.0029205205584911867,0.00544148088324072,"[-0.0029, 0.0054]",0.5317984124081643,,0.010162695455304254,False,2019,171933,17,0.0013,0.002,0.5318,
alternative_exposure_event_study,exposure_admin,Administrative,poverty_gap_sq,Squared poverty gap,2023,4,year::2023:_exposure,0.0011636450651810201,0.0020448471841650754,-0.003171237316628184,0.005498527446990224,"[-0.0032, 0.0055]",0.5772157992950664,,0.010162695455304254,False,2019,171933,17,0.0012,0.002,0.5772,
alternative_exposure_event_study,exposure_admin,Administrative,poverty_gap_sq,Squared poverty gap,2024,5,year::2024:_exposure,0.0020410981938436064,0.001791856122043456,-0.001757467094718363,0.005839663482405576,"[-0.0018, 0.0058]",0.2714304511915697,,0.010162695455304254,False,2019,171933,17,0.002,0.0018,0.2714,
alternative_exposure_event_study,exposure_admin,Administrative,poverty_gap_sq,Squared poverty gap,2025,6,year::2025:_exposure,0.000702322432392675,0.001147518830414107,-0.0017303088171583664,0.0031349536819437166,"[-0.0017, 0.0031]",0.5491135801487528,,0.010162695455304254,False,2019,171933,17,0.0007,0.0011,0.5491,
alternative_exposure_event_study,exposure_composite_hybrid,Composite hybrid,matdep,Severe material deprivation,2017,-2,year::2017:_exposure,0.0034952711442692,0.0035989515736063026,-0.004134165368259474,0.011124707656797874,"[-0.0041, 0.0111]",0.34590697796478476,,0.6230198285288635,True,2019,171933,17,0.0035,0.0036,0.3459,
alternative_exposure_event_study,exposure_composite_hybrid,Composite hybrid,matdep,Severe material deprivation,2018,-1,year::2018:_exposure,-0.0015111971418963757,0.0029277453828365683,-0.007717740093742177,0.004695345809949426,"[-0.0077, 0.0047]",0.6127994236489405,,0.6230198285288635,True,2019,171933,17,-0.0015,0.0029,0.6128,
alternative_exposure_event_study,exposure_composite_hybrid,Composite hybrid,matdep,Severe material deprivation,2019,0,reference,0.0,0.0,0.0,0.0,"[0.0, 0.0]",,,0.6230198285288635,True,2019,171933,17,0.0,0.0,,
alternative_exposure_event_study,exposure_composite_hybrid,Composite hybrid,matdep,Severe material deprivation,2021,2,year::2021:_exposure,0.010132352175807663,0.0029558942660397863,0.003866136257292199,0.016398568094323128,"[0.0039, 0.0164]",0.0034512597087024144,,0.6230198285288635,False,2019,171933,17,0.0101,0.003,0.0035,
alternative_exposure_event_study,exposure_composite_hybrid,Composite hybrid,matdep,Severe material deprivation,2022,3,year::2022:_exposure,0.010225802251597015,0.0026780729352824254,0.004548541244390782,0.015903063258803248,"[0.0045, 0.0159]",0.0015130352581333995,,0.6230198285288635,False,2019,171933,17,0.0102,0.0027,0.0015,
alternative_exposure_event_study,exposure_composite_hybrid,Composite hybrid,matdep,Severe material deprivation,2023,4,year::2023:_exposure,0.011514922730763608,0.003950104669524589,0.0031410749093598103,0.019888770552167406,"[0.0031, 0.0199]",0.010118879870496755,,0.6230198285288635,False,2019,171933,17,0.0115,0.004,0.0101,
alternative_exposure_event_study,exposure_composite_hybrid,Composite hybrid,matdep,Severe material deprivation,2024,5,year::2024:_exposure,0.007141665735688228,0.0028618248165778694,0.0010748681415819082,0.01320846332979455,"[0.0011, 0.0132]",0.02388978415641474,,0.6230198285288635,False,2019,171933,17,0.0071,0.0029,0.0239,
alternative_exposure_event_study,exposure_composite_hybrid,Composite hybrid,matdep,Severe material deprivation,2025,6,year::2025:_exposure,0.007665024343735375,0.0036974253599109316,-0.00017316727021486449,0.015503215957685614,"[-0.0002, 0.0155]",0.05467571752423006,,0.6230198285288635,False,2019,171933,17,0.0077,0.0037,0.0547,
alternative_exposure_event_study,exposure_composite_hybrid,Composite hybrid,poverty,At-risk-of-poverty,2017,-2,year::2017:_exposure,0.005631113274233697,0.003914241719925001,-0.002666708490268231,0.013928935038735624,"[-0.0027, 0.0139]",0.16953202816743707,,0.07677533436771077,True,2019,171933,17,0.0056,0.0039,0.1695,
alternative_exposure_event_study,exposure_composite_hybrid,Composite hybrid,poverty,At-risk-of-poverty,2018,-1,year::2018:_exposure,0.007386214277116384,0.0034346483426494446,0.00010508505457232711,0.01466734349966044,"[0.0001, 0.0147]",0.04714669172520081,,0.07677533436771077,True,2019,171933,17,0.0074,0.0034,0.0471,
alternative_exposure_event_study,exposure_composite_hybrid,Composite hybrid,poverty,At-risk-of-poverty,2019,0,reference,0.0,0.0,0.0,0.0,"[0.0, 0.0]",,,0.07677533436771077,True,2019,171933,17,0.0,0.0,,
alternative_exposure_event_study,exposure_composite_hybrid,Composite hybrid,poverty,At-risk-of-poverty,2021,2,year::2021:_exposure,0.006049382742090751,0.006739591364171549,-0.008237912705402322,0.020336678189583825,"[-0.0082, 0.0203]",0.38271278624566474,,0.07677533436771077,False,2019,171933,17,0.006,0.0067,0.3827,
alternative_exposure_event_study,exposure_composite_hybrid,Composite hybrid,poverty,At-risk-of-poverty,2022,3,year::2022:_exposure,0.0031103811317431634,0.004134023537949661,-0.0056533572734617215,0.01187411953694805,"[-0.0057, 0.0119]",0.462745296299109,,0.07677533436771077,False,2019,171933,17,0.0031,0.0041,0.4627,
alternative_exposure_event_study,exposure_composite_hybrid,Composite hybrid,poverty,At-risk-of-poverty,2023,4,year::2023:_exposure,0.005096712588108882,0.005395921604509977,-0.006342130215474274,0.016535555391692037,"[-0.0063, 0.0165]",0.35893540638427357,,0.07677533436771077,False,2019,171933,17,0.0051,0.0054,0.3589,
alternative_exposure_event_study,exposure_composite_hybrid,Composite hybrid,poverty,At-risk-of-poverty,2024,5,year::2024:_exposure,0.004801370007860065,0.004771601777825556,-0.005313973886725891,0.014916713902446022,"[-0.0053, 0.0149]",0.3292769195719878,,0.07677533436771077,False,2019,171933,17,0.0048,0.0048,0.3293,
alternative_exposure_event_study,exposure_composite_hybrid,Composite hybrid,poverty,At-risk-of-poverty,2025,6,year::2025:_exposure,0.002862661651853826,0.004212183315992336,-0.006066768081009683,0.011792091384717335,"[-0.0061, 0.0118]",0.5064626360634383,,0.07677533436771077,False,2019,171933,17,0.0029,0.0042,0.5065,
alternative_exposure_event_study,exposure_composite_hybrid,Composite hybrid,poverty_gap,Poverty gap,2017,-2,year::2017:_exposure,0.0036894358832037124,0.0014685936824352934,0.0005761563534062777,0.006802715413001147,"[0.0006, 0.0068]",0.023098768451465856,,0.04173471626122366,True,2019,171933,17,0.0037,0.0015,0.0231,
alternative_exposure_event_study,exposure_composite_hybrid,Composite hybrid,poverty_gap,Poverty gap,2018,-1,year::2018:_exposure,0.0003401251482974331,0.0017002051003763656,-0.0032641486537534296,0.003944398950348296,"[-0.0033, 0.0039]",0.8439623995362795,,0.04173471626122366,True,2019,171933,17,0.0003,0.0017,0.844,
alternative_exposure_event_study,exposure_composite_hybrid,Composite hybrid,poverty_gap,Poverty gap,2019,0,reference,0.0,0.0,0.0,0.0,"[0.0, 0.0]",,,0.04173471626122366,True,2019,171933,17,0.0,0.0,,
alternative_exposure_event_study,exposure_composite_hybrid,Composite hybrid,poverty_gap,Poverty gap,2021,2,year::2021:_exposure,0.004321713298169208,0.002801931745438071,-0.0016181166570412185,0.010261543253379635,"[-0.0016, 0.0103]",0.1425202501916356,,0.04173471626122366,False,2019,171933,17,0.0043,0.0028,0.1425,
alternative_exposure_event_study,exposure_composite_hybrid,Composite hybrid,poverty_gap,Poverty gap,2022,3,year::2022:_exposure,0.002837677108236817,0.0019522135136698588,-0.001300830664603262,0.006976184881076895,"[-0.0013, 0.007]",0.16539894439200542,,0.04173471626122366,False,2019,171933,17,0.0028,0.002,0.1654,
alternative_exposure_event_study,exposure_composite_hybrid,Composite hybrid,poverty_gap,Poverty gap,2023,4,year::2023:_exposure,0.0026604973720353213,0.002479402746587397,-0.0025956016493590348,0.007916596393429677,"[-0.0026, 0.0079]",0.29917132883030706,,0.04173471626122366,False,2019,171933,17,0.0027,0.0025,0.2992,
alternative_exposure_event_study,exposure_composite_hybrid,Composite hybrid,poverty_gap,Poverty gap,2024,5,year::2024:_exposure,0.0028885847598346067,0.002371636384492364,-0.0021390597794766924,0.007916229299145906,"[-0.0021, 0.0079]",0.24089197130494333,,0.04173471626122366,False,2019,171933,17,0.0029,0.0024,0.2409,
alternative_exposure_event_study,exposure_composite_hybrid,Composite hybrid,poverty_gap,Poverty gap,2025,6,year::2025:_exposure,0.002385256527483747,0.0021896841589523473,-0.00225666652470017,0.007027179579667664,"[-0.0023, 0.007]",0.2921503229654152,,0.04173471626122366,False,2019,171933,17,0.0024,0.0022,0.2922,
alternative_exposure_event_study,exposure_composite_hybrid,Composite hybrid,poverty_gap_sq,Squared poverty gap,2017,-2,year::2017:_exposure,0.0023148541650046058,0.0013230586955073193,-0.0004899049747821207,0.005119613304791332,"[-0.0005, 0.0051]",0.0993347476974793,,0.21629422524283606,True,2019,171933,17,0.0023,0.0013,0.0993,
alternative_exposure_event_study,exposure_composite_hybrid,Composite hybrid,poverty_gap_sq,Squared poverty gap,2018,-1,year::2018:_exposure,-0.0005555561267072896,0.0014760717629549083,-0.0036846884790262594,0.00257357622561168,"[-0.0037, 0.0026]",0.7115825883925873,,0.21629422524283606,True,2019,171933,17,-0.0006,0.0015,0.7116,
alternative_exposure_event_study,exposure_composite_hybrid,Composite hybrid,poverty_gap_sq,Squared poverty gap,2019,0,reference,0.0,0.0,0.0,0.0,"[0.0, 0.0]",,,0.21629422524283606,True,2019,171933,17,0.0,0.0,,
alternative_exposure_event_study,exposure_composite_hybrid,Composite hybrid,poverty_gap_sq,Squared poverty gap,2021,2,year::2021:_exposure,0.0034778638658987987,0.0021652654724930607,-0.0011122938834600541,0.008068021615257652,"[-0.0011, 0.0081]",0.12778148117701393,,0.21629422524283606,False,2019,171933,17,0.0035,0.0022,0.1278,
alternative_exposure_event_study,exposure_composite_hybrid,Composite hybrid,poverty_gap_sq,Squared poverty gap,2022,3,year::2022:_exposure,0.002867892296964124,0.0017496769412272673,-0.0008412571226687959,0.0065770417165970435,"[-0.0008, 0.0066]",0.12070384166464532,,0.21629422524283606,False,2019,171933,17,0.0029,0.0017,0.1207,
alternative_exposure_event_study,exposure_composite_hybrid,Composite hybrid,poverty_gap_sq,Squared poverty gap,2023,4,year::2023:_exposure,0.0025311828909383213,0.0018552458469905798,-0.0014017626114552336,0.006464128393331876,"[-0.0014, 0.0065]",0.19134508763122904,,0.21629422524283606,False,2019,171933,17,0.0025,0.0019,0.1913,
alternative_exposure_event_study,exposure_composite_hybrid,Composite hybrid,poverty_gap_sq,Squared poverty gap,2024,5,year::2024:_exposure,0.00262009333040832,0.0017257524348701563,-0.0010383384014169073,0.006278525062233547,"[-0.001, 0.0063]",0.14846648169701804,,0.21629422524283606,False,2019,171933,17,0.0026,0.0017,0.1485,
alternative_exposure_event_study,exposure_composite_hybrid,Composite hybrid,poverty_gap_sq,Squared poverty gap,2025,6,year::2025:_exposure,0.002492045651957714,0.001703836909573815,-0.001119927241656582,0.00610401854557201,"[-0.0011, 0.0061]",0.1629400940243464,,0.21629422524283606,False,2019,171933,17,0.0025,0.0017,0.1629,
alternative_exposure_event_study,exposure_composite_sim,Composite simulated,matdep,Severe material deprivation,2017,-2,year::2017:_exposure,0.004127175333399167,0.0041332041581094376,-0.004737665923360469,0.012992016590158802,"[-0.0047, 0.013]",0.33496385742245716,,0.6071724722194312,True,2019,160509,15,0.0041,0.0041,0.335,
alternative_exposure_event_study,exposure_composite_sim,Composite simulated,matdep,Severe material deprivation,2018,-1,year::2018:_exposure,-0.001700357998048211,0.003258314057864642,-0.008688746614411736,0.005288030618315315,"[-0.0087, 0.0053]",0.6099310421176258,,0.6071724722194312,True,2019,160509,15,-0.0017,0.0033,0.6099,
alternative_exposure_event_study,exposure_composite_sim,Composite simulated,matdep,Severe material deprivation,2019,0,reference,0.0,0.0,0.0,0.0,"[0.0, 0.0]",,,0.6071724722194312,True,2019,160509,15,0.0,0.0,,
alternative_exposure_event_study,exposure_composite_sim,Composite simulated,matdep,Severe material deprivation,2021,2,year::2021:_exposure,0.011026887523023526,0.0031121123541246673,0.004352070374592402,0.01770170467145465,"[0.0044, 0.0177]",0.003244342670788436,,0.6071724722194312,False,2019,160509,15,0.011,0.0031,0.0032,
alternative_exposure_event_study,exposure_composite_sim,Composite simulated,matdep,Severe material deprivation,2022,3,year::2022:_exposure,0.010649610427146718,0.0030374854784152323,0.004134852008298086,0.01716436884599535,"[0.0041, 0.0172]",0.003492880754313754,,0.6071724722194312,False,2019,160509,15,0.0106,0.003,0.0035,
alternative_exposure_event_study,exposure_composite_sim,Composite simulated,matdep,Severe material deprivation,2023,4,year::2023:_exposure,0.01284637796413496,0.0040296114214328155,0.004203721029964318,0.0214890348983056,"[0.0042, 0.0215]",0.006575679321612293,,0.6071724722194312,False,2019,160509,15,0.0128,0.004,0.0066,
alternative_exposure_event_study,exposure_composite_sim,Composite simulated,matdep,Severe material deprivation,2024,5,year::2024:_exposure,0.008030336034356845,0.0032980108191348555,0.0009568063328675141,0.015103865735846175,"[0.001, 0.0151]",0.028869763255978453,,0.6071724722194312,False,2019,160509,15,0.008,0.0033,0.0289,
alternative_exposure_event_study,exposure_composite_sim,Composite simulated,matdep,Severe material deprivation,2025,6,year::2025:_exposure,0.008841929264581527,0.003932288352272772,0.00040800955357265037,0.017275848975590404,"[0.0004, 0.0173]",0.041166640298594626,,0.6071724722194312,False,2019,160509,15,0.0088,0.0039,0.0412,
alternative_exposure_event_study,exposure_composite_sim,Composite simulated,poverty,At-risk-of-poverty,2017,-2,year::2017:_exposure,0.0045256781557574104,0.0037732304649081747,-0.0035670963158235484,0.01261845262733837,"[-0.0036, 0.0126]",0.25027195963841176,,0.039183187074352754,True,2019,160509,15,0.0045,0.0038,0.2503,
alternative_exposure_event_study,exposure_composite_sim,Composite simulated,poverty,At-risk-of-poverty,2018,-1,year::2018:_exposure,0.008245062993844454,0.0032486919847677957,0.0012773116717692164,0.015212814315919691,"[0.0013, 0.0152]",0.023663110136843413,,0.039183187074352754,True,2019,160509,15,0.0082,0.0032,0.0237,
alternative_exposure_event_study,exposure_composite_sim,Composite simulated,poverty,At-risk-of-poverty,2019,0,reference,0.0,0.0,0.0,0.0,"[0.0, 0.0]",,,0.039183187074352754,True,2019,160509,15,0.0,0.0,,
alternative_exposure_event_study,exposure_composite_sim,Composite simulated,poverty,At-risk-of-poverty,2021,2,year::2021:_exposure,0.006941695385605234,0.006492538512297454,-0.00698341478636401,0.02086680555757448,"[-0.007, 0.0209]",0.3030770906939395,,0.039183187074352754,False,2019,160509,15,0.0069,0.0065,0.3031,
alternative_exposure_event_study,exposure_composite_sim,Composite simulated,poverty,At-risk-of-poverty,2022,3,year::2022:_exposure,0.004017878272493383,0.004148387661366309,-0.004879528359927547,0.012915284904914313,"[-0.0049, 0.0129]",0.34921044588249206,,0.039183187074352754,False,2019,160509,15,0.004,0.0041,0.3492,
alternative_exposure_event_study,exposure_composite_sim,Composite simulated,poverty,At-risk-of-poverty,2023,4,year::2023:_exposure,0.0069441860780299815,0.00568693585761386,-0.005253078244422645,0.01914145040048261,"[-0.0053, 0.0191]",0.24222290089903042,,0.039183187074352754,False,2019,160509,15,0.0069,0.0057,0.2422,
alternative_exposure_event_study,exposure_composite_sim,Composite simulated,poverty,At-risk-of-poverty,2024,5,year::2024:_exposure,0.005895015009938514,0.004949438674013958,-0.00472047517075217,0.016510505190629198,"[-0.0047, 0.0165]",0.2534374609770378,,0.039183187074352754,False,2019,160509,15,0.0059,0.0049,0.2534,
alternative_exposure_event_study,exposure_composite_sim,Composite simulated,poverty,At-risk-of-poverty,2025,6,year::2025:_exposure,0.004027759004518554,0.004648070330690497,-0.0059413603652521295,0.013996878374289236,"[-0.0059, 0.014]",0.4007995207421331,,0.039183187074352754,False,2019,160509,15,0.004,0.0046,0.4008,
alternative_exposure_event_study,exposure_composite_sim,Composite simulated,poverty_gap,Poverty gap,2017,-2,year::2017:_exposure,0.002841204675248045,0.0018544517066382644,-0.0011361986585361568,0.006818608009032247,"[-0.0011, 0.0068]",0.1477792032280858,,0.29914410146147247,True,2019,160509,15,0.0028,0.0019,0.1478,
alternative_exposure_event_study,exposure_composite_sim,Composite simulated,poverty_gap,Poverty gap,2018,-1,year::2018:_exposure,0.00025919409776234767,0.0019589636793885474,-0.003942365123904689,0.0044607533194293844,"[-0.0039, 0.0045]",0.8966204548597325,,0.29914410146147247,True,2019,160509,15,0.0003,0.002,0.8966,
alternative_exposure_event_study,exposure_composite_sim,Composite simulated,poverty_gap,Poverty gap,2019,0,reference,0.0,0.0,0.0,0.0,"[0.0, 0.0]",,,0.29914410146147247,True,2019,160509,15,0.0,0.0,,
alternative_exposure_event_study,exposure_composite_sim,Composite simulated,poverty_gap,Poverty gap,2021,2,year::2021:_exposure,0.004597112296180118,0.0028838623798782877,-0.00158815734596979,0.010782381938330025,"[-0.0016, 0.0108]",0.1332377762753314,,0.29914410146147247,False,2019,160509,15,0.0046,0.0029,0.1332,
alternative_exposure_event_study,exposure_composite_sim,Composite simulated,poverty_gap,Poverty gap,2022,3,year::2022:_exposure,0.0030189561197920614,0.002212496075626178,-0.0017263760102813478,0.007764288249865471,"[-0.0017, 0.0078]",0.19394168180287386,,0.29914410146147247,False,2019,160509,15,0.003,0.0022,0.1939,
alternative_exposure_event_study,exposure_composite_sim,Composite simulated,poverty_gap,Poverty gap,2023,4,year::2023:_exposure,0.002806078276391177,0.0027962908405474982,-0.003191369093961584,0.008803525646743937,"[-0.0032, 0.0088]",0.33264966896644155,,0.29914410146147247,False,2019,160509,15,0.0028,0.0028,0.3326,
alternative_exposure_event_study,exposure_composite_sim,Composite simulated,poverty_gap,Poverty gap,2024,5,year::2024:_exposure,0.003048213516410644,0.0025812760912974292,-0.0024880730820445837,0.008584500114865872,"[-0.0025, 0.0086]",0.2573186824065299,,0.29914410146147247,False,2019,160509,15,0.003,0.0026,0.2573,
alternative_exposure_event_study,exposure_composite_sim,Composite simulated,poverty_gap,Poverty gap,2025,6,year::2025:_exposure,0.0025937565387281983,0.002515964534663703,-0.002802450702491824,0.00798996377994822,"[-0.0028, 0.008]",0.3200605692509464,,0.29914410146147247,False,2019,160509,15,0.0026,0.0025,0.3201,
alternative_exposure_event_study,exposure_composite_sim,Composite simulated,poverty_gap_sq,Squared poverty gap,2017,-2,year::2017:_exposure,0.0017077257649035949,0.0016270484023935185,-0.001781945989147954,0.005197397518955144,"[-0.0018, 0.0052]",0.31169049302316565,,0.5588692651088671,True,2019,160509,15,0.0017,0.0016,0.3117,
alternative_exposure_event_study,exposure_composite_sim,Composite simulated,poverty_gap_sq,Squared poverty gap,2018,-1,year::2018:_exposure,-0.0006302308657338894,0.0016770869268811755,-0.004227224580989614,0.002966762849521835,"[-0.0042, 0.003]",0.7127065931506698,,0.5588692651088671,True,2019,160509,15,-0.0006,0.0017,0.7127,
alternative_exposure_event_study,exposure_composite_sim,Composite simulated,poverty_gap_sq,Squared poverty gap,2019,0,reference,0.0,0.0,0.0,0.0,"[0.0, 0.0]",,,0.5588692651088671,True,2019,160509,15,0.0,0.0,,
alternative_exposure_event_study,exposure_composite_sim,Composite simulated,poverty_gap_sq,Squared poverty gap,2021,2,year::2021:_exposure,0.003576950755914733,0.002347411736981799,-0.0014577466886258393,0.008611648200455305,"[-0.0015, 0.0086]",0.14982884973708566,,0.5588692651088671,False,2019,160509,15,0.0036,0.0023,0.1498,
alternative_exposure_event_study,exposure_composite_sim,Composite simulated,poverty_gap_sq,Squared poverty gap,2022,3,year::2022:_exposure,0.0029426308775777786,0.0020226724110409826,-0.0013955699836415295,0.007280831738797087,"[-0.0014, 0.0073]",0.16777122925952193,,0.5588692651088671,False,2019,160509,15,0.0029,0.002,0.1678,
alternative_exposure_event_study,exposure_composite_sim,Composite simulated,poverty_gap_sq,Squared poverty gap,2023,4,year::2023:_exposure,0.0024648668876897056,0.002129017489143769,-0.002101421481370037,0.007031155256749449,"[-0.0021, 0.007]",0.2663372679965985,,0.5588692651088671,False,2019,160509,15,0.0025,0.0021,0.2663,
alternative_exposure_event_study,exposure_composite_sim,Composite simulated,poverty_gap_sq,Squared poverty gap,2024,5,year::2024:_exposure,0.002639831144649866,0.0018977421365962354,-0.0014304209270224306,0.006710083216322162,"[-0.0014, 0.0067]",0.18592728004504,,0.5588692651088671,False,2019,160509,15,0.0026,0.0019,0.1859,
alternative_exposure_event_study,exposure_composite_sim,Composite simulated,poverty_gap_sq,Squared poverty gap,2025,6,year::2025:_exposure,0.0026513269675471182,0.001964657418005526,-0.001562444108910098,0.006865098044004335,"[-0.0016, 0.0069]",0.19859248981790678,,0.5588692651088671,False,2019,160509,15,0.0027,0.002,0.1986,
alternative_exposure_event_study,exposure_cov_hybrid,Coverage hybrid,matdep,Severe material deprivation,2017,-2,year::2017:_exposure,0.001996017241170869,0.002745377927520629,-0.003823923975745178,0.007815958458086917,"[-0.0038, 0.0078]",0.4777013823744154,,0.7559146401315952,True,2019,171933,17,0.002,0.0027,0.4777,
alternative_exposure_event_study,exposure_cov_hybrid,Coverage hybrid,matdep,Severe material deprivation,2018,-1,year::2018:_exposure,-0.0013490016832883303,0.002595702075359541,-0.00685164426804263,0.00415364090146597,"[-0.0069, 0.0042]",0.6103839611905686,,0.7559146401315952,True,2019,171933,17,-0.0013,0.0026,0.6104,
alternative_exposure_event_study,exposure_cov_hybrid,Coverage hybrid,matdep,Severe material deprivation,2019,0,reference,0.0,0.0,0.0,0.0,"[0.0, 0.0]",,,0.7559146401315952,True,2019,171933,17,0.0,0.0,,
alternative_exposure_event_study,exposure_cov_hybrid,Coverage hybrid,matdep,Severe material deprivation,2021,2,year::2021:_exposure,0.007533094793919647,0.0023291956292653083,0.002595420636517135,0.012470768951322158,"[0.0026, 0.0125]",0.0051906722653563,,0.7559146401315952,False,2019,171933,17,0.0075,0.0023,0.0052,
alternative_exposure_event_study,exposure_cov_hybrid,Coverage hybrid,matdep,Severe material deprivation,2022,3,year::2022:_exposure,0.008879129329930369,0.002371400680704473,0.0038519844603280666,0.013906274199532671,"[0.0039, 0.0139]",0.0017690857665648707,,0.7559146401315952,False,2019,171933,17,0.0089,0.0024,0.0018,
alternative_exposure_event_study,exposure_cov_hybrid,Coverage hybrid,matdep,Severe material deprivation,2023,4,year::2023:_exposure,0.01052502737381142,0.003109691259767099,0.0039327763932891285,0.01711727835433371,"[0.0039, 0.0171]",0.003781133266111514,,0.7559146401315952,False,2019,171933,17,0.0105,0.0031,0.0038,
alternative_exposure_event_study,exposure_cov_hybrid,Coverage hybrid,matdep,Severe material deprivation,2024,5,year::2024:_exposure,0.00632209484360598,0.0022591917856454083,0.0015328222052591496,0.01111136748195281,"[0.0015, 0.0111]",0.01288414057147369,,0.7559146401315952,False,2019,171933,17,0.0063,0.0023,0.0129,
alternative_exposure_event_study,exposure_cov_hybrid,Coverage hybrid,matdep,Severe material deprivation,2025,6,year::2025:_exposure,0.008098242297711764,0.0026545853609983646,0.0024707727236961633,0.013725711871727364,"[0.0025, 0.0137]",0.007628191569359011,,0.7559146401315952,False,2019,171933,17,0.0081,0.0027,0.0076,
alternative_exposure_event_study,exposure_cov_hybrid,Coverage hybrid,poverty,At-risk-of-poverty,2017,-2,year::2017:_exposure,0.00458092978527155,0.003702514152923642,-0.003268049587952973,0.012429909158496073,"[-0.0033, 0.0124]",0.2338463003993312,,0.002723185951746844,True,2019,171933,17,0.0046,0.0037,0.2338,
alternative_exposure_event_study,exposure_cov_hybrid,Coverage hybrid,poverty,At-risk-of-poverty,2018,-1,year::2018:_exposure,0.008211446637278014,0.0026483003651328763,0.002597300659303246,0.013825592615252782,"[0.0026, 0.0138]",0.006870551260627078,,0.002723185951746844,True,2019,171933,17,0.0082,0.0026,0.0069,
alternative_exposure_event_study,exposure_cov_hybrid,Coverage hybrid,poverty,At-risk-of-poverty,2019,0,reference,0.0,0.0,0.0,0.0,"[0.0, 0.0]",,,0.002723185951746844,True,2019,171933,17,0.0,0.0,,
alternative_exposure_event_study,exposure_cov_hybrid,Coverage hybrid,poverty,At-risk-of-poverty,2021,2,year::2021:_exposure,0.003864306916975627,0.005654624571515847,-0.008122961677287533,0.015851575511238787,"[-0.0081, 0.0159]",0.5041380848656385,,0.002723185951746844,False,2019,171933,17,0.0039,0.0057,0.5041,
alternative_exposure_event_study,exposure_cov_hybrid,Coverage hybrid,poverty,At-risk-of-poverty,2022,3,year::2022:_exposure,0.0013698425811320054,0.002750199938195626,-0.004460320841766868,0.00720000600403088,"[-0.0045, 0.0072]",0.6251984392253491,,0.002723185951746844,False,2019,171933,17,0.0014,0.0028,0.6252,
alternative_exposure_event_study,exposure_cov_hybrid,Coverage hybrid,poverty,At-risk-of-poverty,2023,4,year::2023:_exposure,0.002999957713665063,0.00424487889637252,-0.005998783553307514,0.01199869898063764,"[-0.006, 0.012]",0.48990318580404435,,0.002723185951746844,False,2019,171933,17,0.003,0.0042,0.4899,
alternative_exposure_event_study,exposure_cov_hybrid,Coverage hybrid,poverty,At-risk-of-poverty,2024,5,year::2024:_exposure,0.004057010994819898,0.003782225845407706,-0.003960949617711488,0.012074971607351284,"[-0.004, 0.0121]",0.29934016022387144,,0.002723185951746844,False,2019,171933,17,0.0041,0.0038,0.2993,
alternative_exposure_event_study,exposure_cov_hybrid,Coverage hybrid,poverty,At-risk-of-poverty,2025,6,year::2025:_exposure,0.001294631670274447,0.0028098692073596867,-0.004662024952525979,0.007251288293074873,"[-0.0047, 0.0073]",0.6511825454208824,,0.002723185951746844,False,2019,171933,17,0.0013,0.0028,0.6512,
alternative_exposure_event_study,exposure_cov_hybrid,Coverage hybrid,poverty_gap,Poverty gap,2017,-2,year::2017:_exposure,0.0030656048620353706,0.001048267435601548,0.0008433771703025739,0.005287832553768168,"[0.0008, 0.0053]",0.009924077242227103,,0.009589079008765568,True,2019,171933,17,0.0031,0.001,0.0099,
alternative_exposure_event_study,exposure_cov_hybrid,Coverage hybrid,poverty_gap,Poverty gap,2018,-1,year::2018:_exposure,0.0008469096642771848,0.0016261987205948968,-0.0026004776210987613,0.004294296949653131,"[-0.0026, 0.0043]",0.6096448561351258,,0.009589079008765568,True,2019,171933,17,0.0008,0.0016,0.6096,
alternative_exposure_event_study,exposure_cov_hybrid,Coverage hybrid,poverty_gap,Poverty gap,2019,0,reference,0.0,0.0,0.0,0.0,"[0.0, 0.0]",,,0.009589079008765568,True,2019,171933,17,0.0,0.0,,
alternative_exposure_event_study,exposure_cov_hybrid,Coverage hybrid,poverty_gap,Poverty gap,2021,2,year::2021:_exposure,0.002850198870010512,0.002232775730243875,-0.0018830742325060853,0.007583471972527109,"[-0.0019, 0.0076]",0.21998692410210596,,0.009589079008765568,False,2019,171933,17,0.0029,0.0022,0.22,
alternative_exposure_event_study,exposure_cov_hybrid,Coverage hybrid,poverty_gap,Poverty gap,2022,3,year::2022:_exposure,0.0017055932568971917,0.0016473109250176336,-0.0017865499025127567,0.00519773641630714,"[-0.0018, 0.0052]",0.3158875775236121,,0.009589079008765568,False,2019,171933,17,0.0017,0.0016,0.3159,
alternative_exposure_event_study,exposure_cov_hybrid,Coverage hybrid,poverty_gap,Poverty gap,2023,4,year::2023:_exposure,0.0018514608740705144,0.0024058058683878868,-0.003248619735222559,0.006951541483363587,"[-0.0032, 0.007]",0.45276147786978616,,0.009589079008765568,False,2019,171933,17,0.0019,0.0024,0.4528,
alternative_exposure_event_study,exposure_cov_hybrid,Coverage hybrid,poverty_gap,Poverty gap,2024,5,year::2024:_exposure,0.002476932955537887,0.0022332768649833573,-0.0022574025051685627,0.007211268416244337,"[-0.0023, 0.0072]",0.28377888161543874,,0.009589079008765568,False,2019,171933,17,0.0025,0.0022,0.2838,
alternative_exposure_event_study,exposure_cov_hybrid,Coverage hybrid,poverty_gap,Poverty gap,2025,6,year::2025:_exposure,0.0011784018923573043,0.0014266669575369523,-0.0018459969511491455,0.004202800735863754,"[-0.0018, 0.0042]",0.4209604469968602,,0.009589079008765568,False,2019,171933,17,0.0012,0.0014,0.421,
alternative_exposure_event_study,exposure_cov_hybrid,Coverage hybrid,poverty_gap_sq,Squared poverty gap,2017,-2,year::2017:_exposure,0.0018693448537669445,0.0011284783981063814,-0.000522922482435486,0.004261612189969375,"[-0.0005, 0.0043]",0.1170933587681331,,0.18972050948259678,True,2019,171933,17,0.0019,0.0011,0.1171,
alternative_exposure_event_study,exposure_cov_hybrid,Coverage hybrid,poverty_gap_sq,Squared poverty gap,2018,-1,year::2018:_exposure,-0.00022499938682345972,0.0014099397975571516,-0.003213938235247808,0.002763939461600889,"[-0.0032, 0.0028]",0.8752084058848859,,0.18972050948259678,True,2019,171933,17,-0.0002,0.0014,0.8752,
alternative_exposure_event_study,exposure_cov_hybrid,Coverage hybrid,poverty_gap_sq,Squared poverty gap,2019,0,reference,0.0,0.0,0.0,0.0,"[0.0, 0.0]",,,0.18972050948259678,True,2019,171933,17,0.0,0.0,,
alternative_exposure_event_study,exposure_cov_hybrid,Coverage hybrid,poverty_gap_sq,Squared poverty gap,2021,2,year::2021:_exposure,0.002246416591630023,0.0018180787404047146,-0.0016077381645554353,0.006100571347815481,"[-0.0016, 0.0061]",0.23444276119515117,,0.18972050948259678,False,2019,171933,17,0.0022,0.0018,0.2344,
alternative_exposure_event_study,exposure_cov_hybrid,Coverage hybrid,poverty_gap_sq,Squared poverty gap,2022,3,year::2022:_exposure,0.0019696358160518554,0.0016580447365790625,-0.0015452620073680085,0.005484533639471719,"[-0.0015, 0.0055]",0.25219788788892883,,0.18972050948259678,False,2019,171933,17,0.002,0.0017,0.2522,
alternative_exposure_event_study,exposure_cov_hybrid,Coverage hybrid,poverty_gap_sq,Squared poverty gap,2023,4,year::2023:_exposure,0.0018948223759028284,0.0018654569949032686,-0.0020597697930619676,0.005849414544867624,"[-0.0021, 0.0058]",0.32486701751427605,,0.18972050948259678,False,2019,171933,17,0.0019,0.0019,0.3249,
alternative_exposure_event_study,exposure_cov_hybrid,Coverage hybrid,poverty_gap_sq,Squared poverty gap,2024,5,year::2024:_exposure,0.002315458460818455,0.0016538007775693362,-0.0011904425714070123,0.005821359493043922,"[-0.0012, 0.0058]",0.18058050791951974,,0.18972050948259678,False,2019,171933,17,0.0023,0.0017,0.1806,
alternative_exposure_event_study,exposure_cov_hybrid,Coverage hybrid,poverty_gap_sq,Squared poverty gap,2025,6,year::2025:_exposure,0.001360274918732415,0.0010192801839406232,-0.0008005025445945273,0.0035210523820593575,"[-0.0008, 0.0035]",0.20070765574899596,,0.18972050948259678,False,2019,171933,17,0.0014,0.001,0.2007,
alternative_exposure_event_study,exposure_exp_hybrid,Expenditure hybrid,matdep,Severe material deprivation,2017,-2,year::2017:_exposure,0.004182121914048878,0.0034890511336007454,-0.0032143360733252677,0.011578579901423023,"[-0.0032, 0.0116]",0.24812012238484238,,0.486449598519043,True,2019,171933,17,0.0042,0.0035,0.2481,
alternative_exposure_event_study,exposure_exp_hybrid,Expenditure hybrid,matdep,Severe material deprivation,2018,-1,year::2018:_exposure,-0.000844411857666694,0.0022322930601857173,-0.0055766617453692265,0.003887838030035839,"[-0.0056, 0.0039]",0.7102010376306389,,0.486449598519043,True,2019,171933,17,-0.0008,0.0022,0.7102,
alternative_exposure_event_study,exposure_exp_hybrid,Expenditure hybrid,matdep,Severe material deprivation,2019,0,reference,0.0,0.0,0.0,0.0,"[0.0, 0.0]",,,0.486449598519043,True,2019,171933,17,0.0,0.0,,
alternative_exposure_event_study,exposure_exp_hybrid,Expenditure hybrid,matdep,Severe material deprivation,2021,2,year::2021:_exposure,0.008421043981335767,0.0034965783285434665,0.001008629053514276,0.015833458909157258,"[0.001, 0.0158]",0.028441490091429156,,0.486449598519043,False,2019,171933,17,0.0084,0.0035,0.0284,
alternative_exposure_event_study,exposure_exp_hybrid,Expenditure hybrid,matdep,Severe material deprivation,2022,3,year::2022:_exposure,0.0063945886226526565,0.0027379064547533253,0.000590486220449004,0.012198691024856309,"[0.0006, 0.0122]",0.03285936320278915,,0.486449598519043,False,2019,171933,17,0.0064,0.0027,0.0329,
alternative_exposure_event_study,exposure_exp_hybrid,Expenditure hybrid,matdep,Severe material deprivation,2023,4,year::2023:_exposure,0.006348766419672028,0.0046594532125255874,-0.003528833137034463,0.01622636597637852,"[-0.0035, 0.0162]",0.1918950599518312,,0.486449598519043,False,2019,171933,17,0.0063,0.0047,0.1919,
alternative_exposure_event_study,exposure_exp_hybrid,Expenditure hybrid,matdep,Severe material deprivation,2024,5,year::2024:_exposure,0.004296778401012629,0.003096731586088665,-0.002267999298602573,0.01086155610062783,"[-0.0023, 0.0109]",0.18430629944754773,,0.486449598519043,False,2019,171933,17,0.0043,0.0031,0.1843,
alternative_exposure_event_study,exposure_exp_hybrid,Expenditure hybrid,matdep,Severe material deprivation,2025,6,year::2025:_exposure,0.002417197342839663,0.0031527714763681454,-0.004266379617146787,0.009100774302826114,"[-0.0043, 0.0091]",0.4544305426813544,,0.486449598519043,False,2019,171933,17,0.0024,0.0032,0.4544,
alternative_exposure_event_study,exposure_exp_hybrid,Expenditure hybrid,poverty,At-risk-of-poverty,2017,-2,year::2017:_exposure,0.004146790225864767,0.003169164484907352,-0.002571538359794126,0.01086511881152366,"[-0.0026, 0.0109]",0.20919544134850976,,0.3964759978928956,True,2019,171933,17,0.0041,0.0032,0.2092,
alternative_exposure_event_study,exposure_exp_hybrid,Expenditure hybrid,poverty,At-risk-of-poverty,2018,-1,year::2018:_exposure,0.001256589539184347,0.004541485699568645,-0.00837093006166877,0.010884109140037464,"[-0.0084, 0.0109]",0.7855596801697271,,0.3964759978928956,True,2019,171933,17,0.0013,0.0045,0.7856,
alternative_exposure_event_study,exposure_exp_hybrid,Expenditure hybrid,poverty,At-risk-of-poverty,2019,0,reference,0.0,0.0,0.0,0.0,"[0.0, 0.0]",,,0.3964759978928956,True,2019,171933,17,0.0,0.0,,
alternative_exposure_event_study,exposure_exp_hybrid,Expenditure hybrid,poverty,At-risk-of-poverty,2021,2,year::2021:_exposure,0.006239224617509993,0.006034200706156167,-0.006552709436035102,0.019031158671055086,"[-0.0066, 0.019]",0.3165232379305203,,0.3964759978928956,False,2019,171933,17,0.0062,0.006,0.3165,
alternative_exposure_event_study,exposure_exp_hybrid,Expenditure hybrid,poverty,At-risk-of-poverty,2022,3,year::2022:_exposure,0.004290569514522281,0.0046123726072943355,-0.005487223617663936,0.014068362646708497,"[-0.0055, 0.0141]",0.366075385878168,,0.3964759978928956,False,2019,171933,17,0.0043,0.0046,0.3661,
alternative_exposure_event_study,exposure_exp_hybrid,Expenditure hybrid,poverty,At-risk-of-poverty,2023,4,year::2023:_exposure,0.00567815952259991,0.005566207683328094,-0.006121673641853379,0.017477992687053197,"[-0.0061, 0.0175]",0.3228527948661857,,0.3964759978928956,False,2019,171933,17,0.0057,0.0056,0.3229,
alternative_exposure_event_study,exposure_exp_hybrid,Expenditure hybrid,poverty,At-risk-of-poverty,2024,5,year::2024:_exposure,0.0033466825142351715,0.005386908583982795,-0.00807305353937042,0.014766418567840764,"[-0.0081, 0.0148]",0.543177637227606,,0.3964759978928956,False,2019,171933,17,0.0033,0.0054,0.5432,
alternative_exposure_event_study,exposure_exp_hybrid,Expenditure hybrid,poverty,At-risk-of-poverty,2025,6,year::2025:_exposure,0.003948389097194697,0.005119551860375362,-0.006904576021253066,0.01480135421564246,"[-0.0069, 0.0148]",0.451806484535213,,0.3964759978928956,False,2019,171933,17,0.0039,0.0051,0.4518,
alternative_exposure_event_study,exposure_exp_hybrid,Expenditure hybrid,poverty_gap,Poverty gap,2017,-2,year::2017:_exposure,0.0025965842137418674,0.002034669905353128,-0.001716723300782238,0.006909891728265973,"[-0.0017, 0.0069]",0.2201100595668355,,0.08150936499555582,True,2019,171933,17,0.0026,0.002,0.2201,
alternative_exposure_event_study,exposure_exp_hybrid,Expenditure hybrid,poverty_gap,Poverty gap,2018,-1,year::2018:_exposure,-0.0008237097336631618,0.0016024065655153052,-0.004220659903405988,0.0025732404360796638,"[-0.0042, 0.0026]",0.6142465857628456,,0.08150936499555582,True,2019,171933,17,-0.0008,0.0016,0.6142,
alternative_exposure_event_study,exposure_exp_hybrid,Expenditure hybrid,poverty_gap,Poverty gap,2019,0,reference,0.0,0.0,0.0,0.0,"[0.0, 0.0]",,,0.08150936499555582,True,2019,171933,17,0.0,0.0,,
alternative_exposure_event_study,exposure_exp_hybrid,Expenditure hybrid,poverty_gap,Poverty gap,2021,2,year::2021:_exposure,0.0042854956691446575,0.0027950440255393827,-0.001639732972152987,0.010210724310442301,"[-0.0016, 0.0102]",0.1447488121681344,,0.08150936499555582,False,2019,171933,17,0.0043,0.0028,0.1447,
alternative_exposure_event_study,exposure_exp_hybrid,Expenditure hybrid,poverty_gap,Poverty gap,2022,3,year::2022:_exposure,0.0031108548710879914,0.0018534787596742814,-0.0008183445735395556,0.007040054315715538,"[-0.0008, 0.007]",0.11269255677157508,,0.08150936499555582,False,2019,171933,17,0.0031,0.0019,0.1127,
alternative_exposure_event_study,exposure_exp_hybrid,Expenditure hybrid,poverty_gap,Poverty gap,2023,4,year::2023:_exposure,0.0025267611315032902,0.0019263496285883992,-0.0015569176542941528,0.006610439917300733,"[-0.0016, 0.0066]",0.20813726838478264,,0.08150936499555582,False,2019,171933,17,0.0025,0.0019,0.2081,
alternative_exposure_event_study,exposure_exp_hybrid,Expenditure hybrid,poverty_gap,Poverty gap,2024,5,year::2024:_exposure,0.0019517665772505678,0.0018897160373129694,-0.0020542524642725864,0.005957785618773722,"[-0.0021, 0.006]",0.31704079062319845,,0.08150936499555582,False,2019,171933,17,0.002,0.0019,0.317,
alternative_exposure_event_study,exposure_exp_hybrid,Expenditure hybrid,poverty_gap,Poverty gap,2025,6,year::2025:_exposure,0.0030854920746436277,0.0025022287623539365,-0.0022189959385343237,0.008389980087821578,"[-0.0022, 0.0084]",0.23534975589748441,,0.08150936499555582,False,2019,171933,17,0.0031,0.0025,0.2353,
alternative_exposure_event_study,exposure_exp_hybrid,Expenditure hybrid,poverty_gap_sq,Squared poverty gap,2017,-2,year::2017:_exposure,0.0017328354217954448,0.0014635567233022982,-0.0013697662316439927,0.004835437075234882,"[-0.0014, 0.0048]",0.25370922379267524,,0.1546386565843598,True,2019,171933,17,0.0017,0.0015,0.2537,
alternative_exposure_event_study,exposure_exp_hybrid,Expenditure hybrid,poverty_gap_sq,Squared poverty gap,2018,-1,year::2018:_exposure,-0.0008311262156187068,0.0013576497794910622,-0.0037092151776483774,0.002046962746410964,"[-0.0037, 0.002]",0.5490203591008695,,0.1546386565843598,True,2019,171933,17,-0.0008,0.0014,0.549,
alternative_exposure_event_study,exposure_exp_hybrid,Expenditure hybrid,poverty_gap_sq,Squared poverty gap,2019,0,reference,0.0,0.0,0.0,0.0,"[0.0, 0.0]",,,0.1546386565843598,True,2019,171933,17,0.0,0.0,,
alternative_exposure_event_study,exposure_exp_hybrid,Expenditure hybrid,poverty_gap_sq,Squared poverty gap,2021,2,year::2021:_exposure,0.0035290841998063933,0.002081242886181824,-0.000882953623576994,0.00794112202318978,"[-0.0009, 0.0079]",0.10931792674875984,,0.1546386565843598,False,2019,171933,17,0.0035,0.0021,0.1093,
alternative_exposure_event_study,exposure_exp_hybrid,Expenditure hybrid,poverty_gap_sq,Squared poverty gap,2022,3,year::2022:_exposure,0.002725201185826341,0.0013211811578197753,-7.557775186707366e-05,0.005525980123519755,"[-0.0001, 0.0055]",0.05576362171778548,,0.1546386565843598,False,2019,171933,17,0.0027,0.0013,0.0558,
alternative_exposure_event_study,exposure_exp_hybrid,Expenditure hybrid,poverty_gap_sq,Squared poverty gap,2023,4,year::2023:_exposure,0.0021718977885278787,0.001267661140640143,-0.0005154237811320203,0.004859219358187778,"[-0.0005, 0.0049]",0.10596088704116036,,0.1546386565843598,False,2019,171933,17,0.0022,0.0013,0.106,
alternative_exposure_event_study,exposure_exp_hybrid,Expenditure hybrid,poverty_gap_sq,Squared poverty gap,2024,5,year::2024:_exposure,0.0016460188212065218,0.001185562845224002,-0.0008672621369436681,0.004159299779356712,"[-0.0009, 0.0042]",0.1840476199085439,,0.1546386565843598,False,2019,171933,17,0.0016,0.0012,0.184,
alternative_exposure_event_study,exposure_exp_hybrid,Expenditure hybrid,poverty_gap_sq,Squared poverty gap,2025,6,year::2025:_exposure,0.0029858210548705908,0.0018879793032657208,-0.0010165162749424628,0.006988158384683644,"[-0.001, 0.007]",0.1333299817516318,,0.1546386565843598,False,2019,171933,17,0.003,0.0019,0.1333,
