model,exposure_spec,outcome,group,year,rel_year,term,coef,se,ci_low,ci_high,pval_crv1,pval_wbt,pre_period,reference_year,n_obs,n_clusters,pretrend_wald_stat,pretrend_wald_p
tercile_event_study,exposure_composite_hybrid,poverty,high,2017,-2,yr_2017_x_high,0.024404247186036798,0.013826779757331396,-0.004907216492695203,0.0537157108647688,0.09663997067779762,0.14001400140014,True,2019,171999,17,8.162352083243176,0.08580883527403474
tercile_event_study,exposure_composite_hybrid,poverty,high,2018,-1,yr_2018_x_high,0.008051646752318535,0.013815082799254535,-0.021235020483001556,0.03733831398763863,0.5681412903436347,0.6395639563956396,True,2019,171999,17,8.162352083243176,0.08580883527403474
tercile_event_study,exposure_composite_hybrid,poverty,high,2019,0,reference,0.0,0.0,0.0,0.0,,,True,2019,171999,17,8.162352083243176,0.08580883527403474
tercile_event_study,exposure_composite_hybrid,poverty,high,2021,2,yr_2021_x_high,-0.009111837423046608,0.012414723869823339,-0.0354298763430537,0.01720620149696049,0.47359576035605766,0.546954695469547,False,2019,171999,17,8.162352083243176,0.08580883527403474
tercile_event_study,exposure_composite_hybrid,poverty,high,2022,3,yr_2022_x_high,-0.006754259757984316,0.00969260952404962,-0.027301674051299508,0.013793154535330875,0.49589963132020154,0.5509550955095509,False,2019,171999,17,8.162352083243176,0.08580883527403474
tercile_event_study,exposure_composite_hybrid,poverty,high,2023,4,yr_2023_x_high,-0.010186162192009173,0.01308288394047616,-0.037920637186521236,0.017548312802502887,0.4475854585672474,0.444044404440444,False,2019,171999,17,8.162352083243176,0.08580883527403474
tercile_event_study,exposure_composite_hybrid,poverty,high,2024,5,yr_2024_x_high,-0.014794003807430388,0.014826782539400231,-0.046225378683106104,0.01663737106824533,0.3332334396969707,0.4138413841384138,False,2019,171999,17,8.162352083243176,0.08580883527403474
tercile_event_study,exposure_composite_hybrid,poverty,high,2025,6,yr_2025_x_high,-0.009691349599524732,0.011797105844307801,-0.03470009679434687,0.015317397595297407,0.42343289170789555,0.46494649464946497,False,2019,171999,17,8.162352083243176,0.08580883527403474
tercile_event_study,exposure_composite_hybrid,poverty,medium,2017,-2,yr_2017_x_medium,0.01991196338314328,0.01328991156173689,-0.008261390562764571,0.04808531732905113,0.15353060249938277,0.20592059205920593,True,2019,171999,17,8.162352083243176,0.08580883527403474
tercile_event_study,exposure_composite_hybrid,poverty,medium,2018,-1,yr_2018_x_medium,0.011797857640650628,0.009418379552502368,-0.00816821508277625,0.03176393036407751,0.2283358340839452,0.2721272127212721,True,2019,171999,17,8.162352083243176,0.08580883527403474
tercile_event_study,exposure_composite_hybrid,poverty,medium,2019,0,reference,0.0,0.0,0.0,0.0,,,True,2019,171999,17,8.162352083243176,0.08580883527403474
tercile_event_study,exposure_composite_hybrid,poverty,medium,2021,2,yr_2021_x_medium,-0.01611929731835452,0.01024941147677201,-0.037847079021862656,0.005608484385153611,0.13535087739181528,0.1626162616261626,False,2019,171999,17,8.162352083243176,0.08580883527403474
tercile_event_study,exposure_composite_hybrid,poverty,medium,2022,3,yr_2022_x_medium,-0.012564066504700069,0.009127903791065766,-0.031914358122162166,0.006786225112762029,0.1876422236431865,0.20992099209920992,False,2019,171999,17,8.162352083243176,0.08580883527403474
tercile_event_study,exposure_composite_hybrid,poverty,medium,2023,4,yr_2023_x_medium,-0.0121439734200736,0.012158803546305483,-0.037919485490076774,0.013631538649929578,0.3327676243109372,0.35993599359935996,False,2019,171999,17,8.162352083243176,0.08580883527403474
tercile_event_study,exposure_composite_hybrid,poverty,medium,2024,5,yr_2024_x_medium,-0.010403506876649031,0.013915778164247114,-0.03990363874982391,0.019096624996525847,0.4655449980905806,0.49914991499149913,False,2019,171999,17,8.162352083243176,0.08580883527403474
tercile_event_study,exposure_composite_hybrid,poverty,medium,2025,6,yr_2025_x_medium,-0.006959910935580752,0.010132257744356058,-0.028439337820916753,0.01451951594975525,0.5019771571580733,0.5231523152315232,False,2019,171999,17,8.162352083243176,0.08580883527403474
tercile_event_study,exposure_composite_hybrid,matdep,high,2017,-2,yr_2017_x_high,0.009840383433750509,0.00881137994743146,-0.008838907610261345,0.028519674477762363,0.2805785803671157,0.29772977297729775,True,2019,171999,17,12.097742155677222,0.016639038883874174
tercile_event_study,exposure_composite_hybrid,matdep,high,2018,-1,yr_2018_x_high,-0.005312050248689624,0.005721741149355877,-0.01744159963198146,0.006817499134602212,0.36699635877763925,0.45074507450745077,True,2019,171999,17,12.097742155677222,0.016639038883874174
tercile_event_study,exposure_composite_hybrid,matdep,high,2019,0,reference,0.0,0.0,0.0,0.0,,,True,2019,171999,17,12.097742155677222,0.016639038883874174
tercile_event_study,exposure_composite_hybrid,matdep,high,2021,2,yr_2021_x_high,0.009871361562430693,0.009505648183173942,-0.010279712393612637,0.03002243551847402,0.3144897831143969,0.37843784378437845,False,2019,171999,17,12.097742155677222,0.016639038883874174
tercile_event_study,exposure_composite_hybrid,matdep,high,2022,3,yr_2022_x_high,0.012639605194047304,0.007913976469225648,-0.004137275460976461,0.02941648584907107,0.12979706415443837,0.20672067206720673,False,2019,171999,17,12.097742155677222,0.016639038883874174
tercile_event_study,exposure_composite_hybrid,matdep,high,2023,4,yr_2023_x_high,0.008224884983029316,0.012790657041628442,-0.018890096660040476,0.03533986662609911,0.5293077589716795,0.6044604460446045,False,2019,171999,17,12.097742155677222,0.016639038883874174
tercile_event_study,exposure_composite_hybrid,matdep,high,2024,5,yr_2024_x_high,0.0015929713457407957,0.01013313185901807,-0.019888308579899334,0.023074251271380925,0.8770505817629972,0.9065906590659066,False,2019,171999,17,12.097742155677222,0.016639038883874174
tercile_event_study,exposure_composite_hybrid,matdep,high,2025,6,yr_2025_x_high,0.0045649905540759905,0.010914387900014902,-0.018572478192921942,0.027702459301073925,0.6813209927044994,0.7402740274027403,False,2019,171999,17,12.097742155677222,0.016639038883874174
tercile_event_study,exposure_composite_hybrid,matdep,medium,2017,-2,yr_2017_x_medium,-0.0005105705566398157,0.006692825496956643,-0.01469872679440133,0.013677585681121698,0.9401371289122795,0.9432943294329433,True,2019,171999,17,12.097742155677222,0.016639038883874174
tercile_event_study,exposure_composite_hybrid,matdep,medium,2018,-1,yr_2018_x_medium,-0.013881714328604633,0.004123517682361887,-0.022623181314876145,-0.0051402473423331225,0.003928415608329017,0.0053005300530053,True,2019,171999,17,12.097742155677222,0.016639038883874174
tercile_event_study,exposure_composite_hybrid,matdep,medium,2019,0,reference,0.0,0.0,0.0,0.0,,,True,2019,171999,17,12.097742155677222,0.016639038883874174
tercile_event_study,exposure_composite_hybrid,matdep,medium,2021,2,yr_2021_x_medium,-0.011268969048413919,0.007151780969530094,-0.02643006742459049,0.0038921293277626497,0.13466196567643296,0.18211821182118212,False,2019,171999,17,12.097742155677222,0.016639038883874174
tercile_event_study,exposure_composite_hybrid,matdep,medium,2022,3,yr_2022_x_medium,0.0015910799024642826,0.006695840560774195,-0.01260346798506155,0.015785627789990115,0.815190238495854,0.8402840284028403,False,2019,171999,17,12.097742155677222,0.016639038883874174
tercile_event_study,exposure_composite_hybrid,matdep,medium,2023,4,yr_2023_x_medium,-0.006397156449950795,0.008105486473032981,-0.023580020176899606,0.010785707276998019,0.4415122468993773,0.47794779477947796,False,2019,171999,17,12.097742155677222,0.016639038883874174
tercile_event_study,exposure_composite_hybrid,matdep,medium,2024,5,yr_2024_x_medium,-0.005708570939395727,0.007312700719860786,-0.02121080394704769,0.009793662068256236,0.44641197097075613,0.5228522852285229,False,2019,171999,17,12.097742155677222,0.016639038883874174
tercile_event_study,exposure_composite_hybrid,matdep,medium,2025,6,yr_2025_x_medium,0.0032745710754825117,0.00878169405331946,-0.015341788684289188,0.021890930835254212,0.714126974397397,0.7408740874087408,False,2019,171999,17,12.097742155677222,0.016639038883874174
tercile_event_study,exposure_composite_hybrid,poverty_gap,high,2017,-2,yr_2017_x_high,0.01456203203636169,0.00519706720427105,0.0035447417296185,0.02557932234310488,0.012789255924397391,0.04030403040304031,True,2019,171999,17,15.025436114540675,0.004648750663506546
tercile_event_study,exposure_composite_hybrid,poverty_gap,high,2018,-1,yr_2018_x_high,0.0005290922446079233,0.004570598521805679,-0.009160143782380769,0.010218328271596614,0.9092832272738729,0.9114911491149115,True,2019,171999,17,15.025436114540675,0.004648750663506546
tercile_event_study,exposure_composite_hybrid,poverty_gap,high,2019,0,reference,0.0,0.0,0.0,0.0,,,True,2019,171999,17,15.025436114540675,0.004648750663506546
tercile_event_study,exposure_composite_hybrid,poverty_gap,high,2021,2,yr_2021_x_high,-0.0014449614416679776,0.005967037260870085,-0.01409451535163715,0.011204592468301194,0.8117348626981045,0.83998399839984,False,2019,171999,17,15.025436114540675,0.004648750663506546
tercile_event_study,exposure_composite_hybrid,poverty_gap,high,2022,3,yr_2022_x_high,-0.0011894427689738399,0.00429697721597089,-0.010298627539743524,0.007919742001795843,0.78547075392036,0.7960796079607961,False,2019,171999,17,15.025436114540675,0.004648750663506546
tercile_event_study,exposure_composite_hybrid,poverty_gap,high,2023,4,yr_2023_x_high,-0.003644711120394147,0.005800965445477388,-0.01594220850886105,0.008652786268072754,0.5386773535658262,0.5699569956995699,False,2019,171999,17,15.025436114540675,0.004648750663506546
tercile_event_study,exposure_composite_hybrid,poverty_gap,high,2024,5,yr_2024_x_high,-0.0054902751164732,0.006428229034384983,-0.019117511911073855,0.008136961678127455,0.4056625744355151,0.44684468446844683,False,2019,171999,17,15.025436114540675,0.004648750663506546
tercile_event_study,exposure_composite_hybrid,poverty_gap,high,2025,6,yr_2025_x_high,-0.0033181342952627825,0.0053203468422609295,-0.014596765759866796,0.007960497169341229,0.5416350956373126,0.5840584058405841,False,2019,171999,17,15.025436114540675,0.004648750663506546
tercile_event_study,exposure_composite_hybrid,poverty_gap,medium,2017,-2,yr_2017_x_medium,0.017477120533207772,0.004946419672736002,0.006991179256802458,0.027963061809613086,0.002762335207142419,0.0214021402140214,True,2019,171999,17,15.025436114540675,0.004648750663506546
tercile_event_study,exposure_composite_hybrid,poverty_gap,medium,2018,-1,yr_2018_x_medium,0.006391416653242755,0.004963889656020321,-0.004131559333304295,0.016914392639789805,0.2162047542148431,0.26142614261426145,True,2019,171999,17,15.025436114540675,0.004648750663506546
tercile_event_study,exposure_composite_hybrid,poverty_gap,medium,2019,0,reference,0.0,0.0,0.0,0.0,,,True,2019,171999,17,15.025436114540675,0.004648750663506546
tercile_event_study,exposure_composite_hybrid,poverty_gap,medium,2021,2,yr_2021_x_medium,-0.004581571993462394,0.004462226202498907,-0.014041068966463763,0.004877924979538974,0.3198133480083438,0.36823682368236826,False,2019,171999,17,15.025436114540675,0.004648750663506546
tercile_event_study,exposure_composite_hybrid,poverty_gap,medium,2022,3,yr_2022_x_medium,-0.002894482732147538,0.0035007558020034375,-0.010315753508094178,0.004526788043799102,0.42050118908512957,0.47214721472147214,False,2019,171999,17,15.025436114540675,0.004648750663506546
tercile_event_study,exposure_composite_hybrid,poverty_gap,medium,2023,4,yr_2023_x_medium,-0.0016390587604382867,0.00582228268818053,-0.013981746684676364,0.010703629163799789,0.7819239428236564,0.8002800280028003,False,2019,171999,17,15.025436114540675,0.004648750663506546
tercile_event_study,exposure_composite_hybrid,poverty_gap,medium,2024,5,yr_2024_x_medium,-0.001456063856327859,0.005871823088320277,-0.013903772737347726,0.01099164502469201,0.8073083415556037,0.8167816781678168,False,2019,171999,17,15.025436114540675,0.004648750663506546
tercile_event_study,exposure_composite_hybrid,poverty_gap,medium,2025,6,yr_2025_x_medium,-0.00214273006894004,0.003915045521408345,-0.010442255816466031,0.006156795678585951,0.5917211808990284,0.6177617761776177,False,2019,171999,17,15.025436114540675,0.004648750663506546
tercile_event_study,exposure_composite_hybrid,poverty_gap_sq,high,2017,-2,yr_2017_x_high,0.01074554613339907,0.003205786645993822,0.003949582034384034,0.017541510232414105,0.004050841001707717,0.0231023102310231,True,2019,171999,17,20.101910519116398,0.00047678810671134437
tercile_event_study,exposure_composite_hybrid,poverty_gap_sq,high,2018,-1,yr_2018_x_high,0.0004266472589730622,0.0032737923224116197,-0.006513482433857188,0.007366776951803313,0.8979360757614325,0.9007900790079008,True,2019,171999,17,20.101910519116398,0.00047678810671134437
tercile_event_study,exposure_composite_hybrid,poverty_gap_sq,high,2019,0,reference,0.0,0.0,0.0,0.0,,,True,2019,171999,17,20.101910519116398,0.00047678810671134437
tercile_event_study,exposure_composite_hybrid,poverty_gap_sq,high,2021,2,yr_2021_x_high,0.00014685995105023208,0.004951875168453438,-0.010350646459636355,0.01064436636173682,0.9767070411207215,0.9708970897089709,False,2019,171999,17,20.101910519116398,0.00047678810671134437
tercile_event_study,exposure_composite_hybrid,poverty_gap_sq,high,2022,3,yr_2022_x_high,0.001264535185208163,0.0037295896340634226,-0.006641841643963547,0.009170912014379874,0.7389776267678652,0.7474747474747475,False,2019,171999,17,20.101910519116398,0.00047678810671134437
tercile_event_study,exposure_composite_hybrid,poverty_gap_sq,high,2023,4,yr_2023_x_high,-0.000296965026979651,0.004110988730186901,-0.009011871821141718,0.008417941767182417,0.9433086883644286,0.9403940394039404,False,2019,171999,17,20.101910519116398,0.00047678810671134437
tercile_event_study,exposure_composite_hybrid,poverty_gap_sq,high,2024,5,yr_2024_x_high,-0.0014506763035773878,0.004313275432502958,-0.010594411749941256,0.007693059142786482,0.740993923005322,0.7587758775877588,False,2019,171999,17,20.101910519116398,0.00047678810671134437
tercile_event_study,exposure_composite_hybrid,poverty_gap_sq,high,2025,6,yr_2025_x_high,-0.0002953919735018018,0.0038072158781882466,-0.008366329088952369,0.007775545141948764,0.9391182561581677,0.9483948394839484,False,2019,171999,17,20.101910519116398,0.00047678810671134437
tercile_event_study,exposure_composite_hybrid,poverty_gap_sq,medium,2017,-2,yr_2017_x_medium,0.014025349761066286,0.003710924112354146,0.006158542070278801,0.021892157451853772,0.0016423382584220825,0.011401140114011402,True,2019,171999,17,20.101910519116398,0.00047678810671134437
tercile_event_study,exposure_composite_hybrid,poverty_gap_sq,medium,2018,-1,yr_2018_x_medium,0.005407200210238964,0.004041084227164286,-0.0031595156575260335,0.013973916078003962,0.19958525557902096,0.2303230323032303,True,2019,171999,17,20.101910519116398,0.00047678810671134437
tercile_event_study,exposure_composite_hybrid,poverty_gap_sq,medium,2019,0,reference,0.0,0.0,0.0,0.0,,,True,2019,171999,17,20.101910519116398,0.00047678810671134437
tercile_event_study,exposure_composite_hybrid,poverty_gap_sq,medium,2021,2,yr_2021_x_medium,-0.002255018599112379,0.004248107100319959,-0.011260603352740099,0.006750566154515341,0.6028283397399887,0.6160616061606161,False,2019,171999,17,20.101910519116398,0.00047678810671134437
tercile_event_study,exposure_composite_hybrid,poverty_gap_sq,medium,2022,3,yr_2022_x_medium,0.00022489965189114618,0.0034564813269081364,-0.007102513429680726,0.007552312733463018,0.948927430370534,0.9545954595459546,False,2019,171999,17,20.101910519116398,0.00047678810671134437
tercile_event_study,exposure_composite_hybrid,poverty_gap_sq,medium,2023,4,yr_2023_x_medium,0.001198848654814803,0.004210984444142156,-0.007728039583260424,0.01012573689289003,0.7795292711087503,0.7888788878887889,False,2019,171999,17,20.101910519116398,0.00047678810671134437
tercile_event_study,exposure_composite_hybrid,poverty_gap_sq,medium,2024,5,yr_2024_x_medium,0.0019797476471069375,0.003916025798931019,-0.006321856195934075,0.010281351490147951,0.6200656166117458,0.6833683368336834,False,2019,171999,17,20.101910519116398,0.00047678810671134437
tercile_event_study,exposure_composite_hybrid,poverty_gap_sq,medium,2025,6,yr_2025_x_medium,-0.00038588417622093175,0.0026500323828313084,-0.006003701867692951,0.005231933515251088,0.8860441063884821,0.8959895989598959,False,2019,171999,17,20.101910519116398,0.00047678810671134437
tercile_event_study,exposure_exp_hybrid,poverty,high,2017,-2,yr_2017_x_high,0.011427232798784548,0.016151807889849153,-0.022813070338910342,0.04566753593647944,0.4894403132404268,0.5243524352435244,True,2019,171999,17,12.052071244548525,0.01696822166021671
tercile_event_study,exposure_exp_hybrid,poverty,high,2018,-1,yr_2018_x_high,-0.005028538464156056,0.013507735569618413,-0.033663658678669564,0.023606581750357448,0.7145758820281785,0.801980198019802,True,2019,171999,17,12.052071244548525,0.01696822166021671
tercile_event_study,exposure_exp_hybrid,poverty,high,2019,0,reference,0.0,0.0,0.0,0.0,,,True,2019,171999,17,12.052071244548525,0.01696822166021671
tercile_event_study,exposure_exp_hybrid,poverty,high,2021,2,yr_2021_x_high,0.0027190486785213935,0.012452756248695738,-0.023679615282999292,0.02911771264004208,0.8299177098961403,0.8424842484248425,False,2019,171999,17,12.052071244548525,0.01696822166021671
tercile_event_study,exposure_exp_hybrid,poverty,high,2022,3,yr_2022_x_high,0.0026690344603008654,0.009707068405169125,-0.017909031291720376,0.023247100212322104,0.7868675403271828,0.8064806480648065,False,2019,171999,17,12.052071244548525,0.01696822166021671
tercile_event_study,exposure_exp_hybrid,poverty,high,2023,4,yr_2023_x_high,0.0017552896270823157,0.010918732934321999,-0.021391390181168528,0.02490196943533316,0.8742951000897838,0.8874887488748875,False,2019,171999,17,12.052071244548525,0.01696822166021671
tercile_event_study,exposure_exp_hybrid,poverty,high,2024,5,yr_2024_x_high,-0.007744795547095123,0.01267755127282586,-0.034620003671507825,0.019130412577317575,0.5498425780277492,0.611961196119612,False,2019,171999,17,12.052071244548525,0.01696822166021671
tercile_event_study,exposure_exp_hybrid,poverty,high,2025,6,yr_2025_x_high,-0.0038216782184666517,0.010961360102524614,-0.027058723586481016,0.01941536714954771,0.7318976217030064,0.7666766676667667,False,2019,171999,17,12.052071244548525,0.01696822166021671
tercile_event_study,exposure_exp_hybrid,poverty,medium,2017,-2,yr_2017_x_medium,-0.0020606038969994958,0.014660421664898485,-0.03313930947323588,0.02901810167923689,0.8899753497503322,0.8953895389538954,True,2019,171999,17,12.052071244548525,0.01696822166021671
tercile_event_study,exposure_exp_hybrid,poverty,medium,2018,-1,yr_2018_x_medium,-0.012328504147835507,0.009061564979219994,-0.03153816376652171,0.006881155470850697,0.19252277922273775,0.2504250425042504,True,2019,171999,17,12.052071244548525,0.01696822166021671
tercile_event_study,exposure_exp_hybrid,poverty,medium,2019,0,reference,0.0,0.0,0.0,0.0,,,True,2019,171999,17,12.052071244548525,0.01696822166021671
tercile_event_study,exposure_exp_hybrid,poverty,medium,2021,2,yr_2021_x_medium,0.004442867140482684,0.010746383036497519,-0.018338447206049803,0.02722418148701517,0.6847803922732676,0.7074707470747075,False,2019,171999,17,12.052071244548525,0.01696822166021671
tercile_event_study,exposure_exp_hybrid,poverty,medium,2022,3,yr_2022_x_medium,0.0039173959689939135,0.009970822269440339,-0.017219802997585958,0.025054594935573785,0.6995887736483399,0.7283728372837284,False,2019,171999,17,12.052071244548525,0.01696822166021671
tercile_event_study,exposure_exp_hybrid,poverty,medium,2023,4,yr_2023_x_medium,0.009848688002417498,0.010690370115315132,-0.012813884255675586,0.032511260260510585,0.37059401621263577,0.3801380138013801,False,2019,171999,17,12.052071244548525,0.01696822166021671
tercile_event_study,exposure_exp_hybrid,poverty,medium,2024,5,yr_2024_x_medium,0.001793753610457645,0.014317018296680637,-0.0285569693457233,0.03214447656663859,0.9018561020847846,0.9110911091109111,False,2019,171999,17,12.052071244548525,0.01696822166021671
tercile_event_study,exposure_exp_hybrid,poverty,medium,2025,6,yr_2025_x_medium,0.003714022647886827,0.010652140010740139,-0.018867505408927943,0.0262955507047016,0.7318869718405248,0.750975097509751,False,2019,171999,17,12.052071244548525,0.01696822166021671
tercile_event_study,exposure_exp_hybrid,matdep,high,2017,-2,yr_2017_x_high,0.004013332059688833,0.008787239919432565,-0.014614784411044813,0.02264144853042248,0.6540096240301654,0.6673667366736674,True,2019,171999,17,8.05055451128429,0.0897437736882834
tercile_event_study,exposure_exp_hybrid,matdep,high,2018,-1,yr_2018_x_high,0.00032429390006699144,0.006240786807786125,-0.012905583125068914,0.013554170925202896,0.9592009146640672,0.9616961696169617,True,2019,171999,17,8.05055451128429,0.0897437736882834
tercile_event_study,exposure_exp_hybrid,matdep,high,2019,0,reference,0.0,0.0,0.0,0.0,,,True,2019,171999,17,8.05055451128429,0.0897437736882834
tercile_event_study,exposure_exp_hybrid,matdep,high,2021,2,yr_2021_x_high,0.010154370944964906,0.00864422921164898,-0.008170576368492935,0.028479318258422745,0.25730224553548897,0.33693369336933693,False,2019,171999,17,8.05055451128429,0.0897437736882834
tercile_event_study,exposure_exp_hybrid,matdep,high,2022,3,yr_2022_x_high,0.01026183576166919,0.006159314235829021,-0.002795327126433664,0.023318998649772042,0.11515372893993536,0.1862186218621862,False,2019,171999,17,8.05055451128429,0.0897437736882834
tercile_event_study,exposure_exp_hybrid,matdep,high,2023,4,yr_2023_x_high,0.005816304581670395,0.011435194594693793,-0.018425225037247226,0.030057834200588014,0.617951688231372,0.6825682568256826,False,2019,171999,17,8.05055451128429,0.0897437736882834
tercile_event_study,exposure_exp_hybrid,matdep,high,2024,5,yr_2024_x_high,1.0687236101426122e-05,0.008933604578017866,-0.018927708449985908,0.01894908292218876,0.9990602828005033,0.9995999599959996,False,2019,171999,17,8.05055451128429,0.0897437736882834
tercile_event_study,exposure_exp_hybrid,matdep,high,2025,6,yr_2025_x_high,-0.004089591235875255,0.00790937136453684,-0.020856709505065747,0.012677527033315239,0.6121904513600163,0.7360736073607361,False,2019,171999,17,8.05055451128429,0.0897437736882834
tercile_event_study,exposure_exp_hybrid,matdep,medium,2017,-2,yr_2017_x_medium,-0.012231464611373678,0.005374925538222628,-0.02362579774277148,-0.0008371314799758747,0.036970793179007755,0.08430843084308431,True,2019,171999,17,8.05055451128429,0.0897437736882834
tercile_event_study,exposure_exp_hybrid,matdep,medium,2018,-1,yr_2018_x_medium,-0.005026727521856446,0.005906971989657805,-0.017548948745083545,0.007495493701370652,0.4073351690977536,0.47954795479547957,True,2019,171999,17,8.05055451128429,0.0897437736882834
tercile_event_study,exposure_exp_hybrid,matdep,medium,2019,0,reference,0.0,0.0,0.0,0.0,,,True,2019,171999,17,8.05055451128429,0.0897437736882834
tercile_event_study,exposure_exp_hybrid,matdep,medium,2021,2,yr_2021_x_medium,-0.013294570573534437,0.005968398080158608,-0.02594700929152463,-0.000642131855544242,0.040617497442983375,0.039803980398039805,False,2019,171999,17,8.05055451128429,0.0897437736882834
tercile_event_study,exposure_exp_hybrid,matdep,medium,2022,3,yr_2022_x_medium,-0.002264541518696437,0.00607296737567167,-0.015138657240380606,0.010609574202987733,0.7141249562010397,0.7411741174117412,False,2019,171999,17,8.05055451128429,0.0897437736882834
tercile_event_study,exposure_exp_hybrid,matdep,medium,2023,4,yr_2023_x_medium,-0.012724690820821062,0.0056680598227980454,-0.024740440875473724,-0.0007089407661684012,0.03925626629029022,0.043404340434043405,False,2019,171999,17,8.05055451128429,0.0897437736882834
tercile_event_study,exposure_exp_hybrid,matdep,medium,2024,5,yr_2024_x_medium,-0.010008974223341106,0.005761372194827768,-0.022222537669942484,0.0022045892232602695,0.10154984150897994,0.09360936093609361,False,2019,171999,17,8.05055451128429,0.0897437736882834
tercile_event_study,exposure_exp_hybrid,matdep,medium,2025,6,yr_2025_x_medium,-0.013535482496441651,0.0068708349244538435,-0.02810100186286582,0.0010300368699825199,0.06640079751765393,0.06230623062306231,False,2019,171999,17,8.05055451128429,0.0897437736882834
tercile_event_study,exposure_exp_hybrid,poverty_gap,high,2017,-2,yr_2017_x_high,0.003936937828563928,0.00801826211063833,-0.01306101851032327,0.020934894167451125,0.6300953682127459,0.6631663166316631,True,2019,171999,17,7.399179931251679,0.11623808875675465
tercile_event_study,exposure_exp_hybrid,poverty_gap,high,2018,-1,yr_2018_x_high,-0.004821089683328132,0.004707019540152746,-0.014799525350035932,0.0051573459833796674,0.3209618830324734,0.43454345434543457,True,2019,171999,17,7.399179931251679,0.11623808875675465
tercile_event_study,exposure_exp_hybrid,poverty_gap,high,2019,0,reference,0.0,0.0,0.0,0.0,,,True,2019,171999,17,7.399179931251679,0.11623808875675465
tercile_event_study,exposure_exp_hybrid,poverty_gap,high,2021,2,yr_2021_x_high,0.002268184131116093,0.005211022804544398,-0.008778690726600381,0.013315058988832567,0.6691833935172542,0.7104710471047104,False,2019,171999,17,7.399179931251679,0.11623808875675465
tercile_event_study,exposure_exp_hybrid,poverty_gap,high,2022,3,yr_2022_x_high,0.0008347243120488638,0.003438101727812697,-0.0064537257600030245,0.008123174384100752,0.8112558414987481,0.8293829382938294,False,2019,171999,17,7.399179931251679,0.11623808875675465
tercile_event_study,exposure_exp_hybrid,poverty_gap,high,2023,4,yr_2023_x_high,-0.0006492287180827511,0.0034427394547539418,-0.007947510332053724,0.006649052895888223,0.8527938635535643,0.8633863386338634,False,2019,171999,17,7.399179931251679,0.11623808875675465
tercile_event_study,exposure_exp_hybrid,poverty_gap,high,2024,5,yr_2024_x_high,-0.004338712348866275,0.004444087610384047,-0.01375975722432294,0.005082332526590389,0.3434524730741624,0.40334033403340336,False,2019,171999,17,7.399179931251679,0.11623808875675465
tercile_event_study,exposure_exp_hybrid,poverty_gap,high,2025,6,yr_2025_x_high,-0.0011522154833694695,0.005155744407532497,-0.012081905374327956,0.009777474407589018,0.8259888667614823,0.8565856585658566,False,2019,171999,17,7.399179931251679,0.11623808875675465
tercile_event_study,exposure_exp_hybrid,poverty_gap,medium,2017,-2,yr_2017_x_medium,-0.00044814561547746457,0.008106486112637496,-0.0176331284837212,0.01673683725276627,0.9565979598542711,0.9390939093909391,True,2019,171999,17,7.399179931251679,0.11623808875675465
tercile_event_study,exposure_exp_hybrid,poverty_gap,medium,2018,-1,yr_2018_x_medium,-0.003217594004001646,0.005228195211041976,-0.014300872737252716,0.007865684729249426,0.5469250108083863,0.5908590859085908,True,2019,171999,17,7.399179931251679,0.11623808875675465
tercile_event_study,exposure_exp_hybrid,poverty_gap,medium,2019,0,reference,0.0,0.0,0.0,0.0,,,True,2019,171999,17,7.399179931251679,0.11623808875675465
tercile_event_study,exposure_exp_hybrid,poverty_gap,medium,2021,2,yr_2021_x_medium,0.0018683969812932023,0.003997997672710692,-0.0066069794713604375,0.010343773433946843,0.6465628912349128,0.6586658665866587,False,2019,171999,17,7.399179931251679,0.11623808875675465
tercile_event_study,exposure_exp_hybrid,poverty_gap,medium,2022,3,yr_2022_x_medium,0.00046537170325037044,0.0033792385430157215,-0.00669829399142137,0.00762903739792211,0.8921838933551864,0.8974897489748975,False,2019,171999,17,7.399179931251679,0.11623808875675465
tercile_event_study,exposure_exp_hybrid,poverty_gap,medium,2023,4,yr_2023_x_medium,0.004174506737001496,0.00513087374491714,-0.006702459704483554,0.015051473178486546,0.4278135185621843,0.44744474447444743,False,2019,171999,17,7.399179931251679,0.11623808875675465
tercile_event_study,exposure_exp_hybrid,poverty_gap,medium,2024,5,yr_2024_x_medium,0.000518387305966623,0.005357479854709844,-0.010838962628503892,0.011875737240437136,0.9241190089836613,0.9372937293729373,False,2019,171999,17,7.399179931251679,0.11623808875675465
tercile_event_study,exposure_exp_hybrid,poverty_gap,medium,2025,6,yr_2025_x_medium,0.0018034094193465555,0.004127984414142461,-0.006947526615296794,0.010554345453989904,0.6680413199297361,0.7187718771877187,False,2019,171999,17,7.399179931251679,0.11623808875675465
tercile_event_study,exposure_exp_hybrid,poverty_gap_sq,high,2017,-2,yr_2017_x_high,0.0023630196925059836,0.0053727220934576495,-0.009026642344658,0.013752681729669968,0.6659519741485744,0.6988698869886989,True,2019,171999,17,4.823103823409041,0.30593438813906354
tercile_event_study,exposure_exp_hybrid,poverty_gap_sq,high,2018,-1,yr_2018_x_high,-0.0030689368249030647,0.0033234056116695837,-0.01011424199254307,0.0039763683427369405,0.36949958535456884,0.48064806480648065,True,2019,171999,17,4.823103823409041,0.30593438813906354
tercile_event_study,exposure_exp_hybrid,poverty_gap_sq,high,2019,0,reference,0.0,0.0,0.0,0.0,,,True,2019,171999,17,4.823103823409041,0.30593438813906354
tercile_event_study,exposure_exp_hybrid,poverty_gap_sq,high,2021,2,yr_2021_x_high,0.002393369248721127,0.003921223739803472,-0.005919253736720439,0.010705992234162692,0.5501935408963257,0.6021602160216022,False,2019,171999,17,4.823103823409041,0.30593438813906354
tercile_event_study,exposure_exp_hybrid,poverty_gap_sq,high,2022,3,yr_2022_x_high,0.0010310825017133525,0.002640472823893685,-0.004566469830108581,0.0066286348335352855,0.7013230353980182,0.7246724672467246,False,2019,171999,17,4.823103823409041,0.30593438813906354
tercile_event_study,exposure_exp_hybrid,poverty_gap_sq,high,2023,4,yr_2023_x_high,0.00025848614465478684,0.002251164253525084,-0.004513768885810499,0.005030741175120073,0.9100137972091296,0.9155915591559156,False,2019,171999,17,4.823103823409041,0.30593438813906354
tercile_event_study,exposure_exp_hybrid,poverty_gap_sq,high,2024,5,yr_2024_x_high,-0.0025265710028198195,0.00263761762127266,-0.008118070575475091,0.0030649285698354524,0.3523654313481974,0.38633863386338635,False,2019,171999,17,4.823103823409041,0.30593438813906354
tercile_event_study,exposure_exp_hybrid,poverty_gap_sq,high,2025,6,yr_2025_x_high,0.00108374162677879,0.0038695216543958404,-0.0071192778338263485,0.009286761087383927,0.7830115090239653,0.8193819381938194,False,2019,171999,17,4.823103823409041,0.30593438813906354
tercile_event_study,exposure_exp_hybrid,poverty_gap_sq,medium,2017,-2,yr_2017_x_medium,-0.00012013187493077573,0.006196316965560696,-0.01325573704587746,0.013015473296015908,0.984771598070201,0.9865986598659866,True,2019,171999,17,4.823103823409041,0.30593438813906354
tercile_event_study,exposure_exp_hybrid,poverty_gap_sq,medium,2018,-1,yr_2018_x_medium,-0.0006644251513457541,0.004383083407370607,-0.009956146893559456,0.00862729659086795,0.8814063783928385,0.8865886588658866,True,2019,171999,17,4.823103823409041,0.30593438813906354
tercile_event_study,exposure_exp_hybrid,poverty_gap_sq,medium,2019,0,reference,0.0,0.0,0.0,0.0,,,True,2019,171999,17,4.823103823409041,0.30593438813906354
tercile_event_study,exposure_exp_hybrid,poverty_gap_sq,medium,2021,2,yr_2021_x_medium,0.0016745704530533867,0.0036570797014885935,-0.006078092185806767,0.00942723309191354,0.6531827064049973,0.6618661866186618,False,2019,171999,17,4.823103823409041,0.30593438813906354
tercile_event_study,exposure_exp_hybrid,poverty_gap_sq,medium,2022,3,yr_2022_x_medium,-0.0003696697765890612,0.003087250444344524,-0.00691434835357819,0.006175008800400068,0.9061791347010835,0.914991499149915,False,2019,171999,17,4.823103823409041,0.30593438813906354
tercile_event_study,exposure_exp_hybrid,poverty_gap_sq,medium,2023,4,yr_2023_x_medium,0.0025760602300426033,0.0038582257320844927,-0.005603012944995118,0.010755133405080324,0.5138540001899916,0.5521552155215521,False,2019,171999,17,4.823103823409041,0.30593438813906354
tercile_event_study,exposure_exp_hybrid,poverty_gap_sq,medium,2024,5,yr_2024_x_medium,0.00012018772388635667,0.0035780065944838895,-0.007464847416408635,0.007705222864181349,0.9736190267079703,0.9628962896289629,False,2019,171999,17,4.823103823409041,0.30593438813906354
tercile_event_study,exposure_exp_hybrid,poverty_gap_sq,medium,2025,6,yr_2025_x_medium,0.0023084363173543443,0.0026318333407871716,-0.003270801128447559,0.007887673763156248,0.39340069669478206,0.47814781478147816,False,2019,171999,17,4.823103823409041,0.30593438813906354
tercile_event_study,exposure_cov_hybrid,poverty,high,2017,-2,yr_2017_x_high,0.034269709810668215,0.012011044059494925,0.008807433859764954,0.059731985761571474,0.011504931278738084,0.019001900190019003,True,2019,171999,17,14.69309392430323,0.005381979442906315
tercile_event_study,exposure_cov_hybrid,poverty,high,2018,-1,yr_2018_x_high,0.02575666456531718,0.009494134265291955,0.005629999024806674,0.04588333010582769,0.015360463660386792,0.04960496049604961,True,2019,171999,17,14.69309392430323,0.005381979442906315
tercile_event_study,exposure_cov_hybrid,poverty,high,2019,0,reference,0.0,0.0,0.0,0.0,,,True,2019,171999,17,14.69309392430323,0.005381979442906315
tercile_event_study,exposure_cov_hybrid,poverty,high,2021,2,yr_2021_x_high,0.003631959160457546,0.009837689720261722,-0.017223011409619737,0.02448692973053483,0.7168276762513872,0.7298729872987298,False,2019,171999,17,14.69309392430323,0.005381979442906315
tercile_event_study,exposure_cov_hybrid,poverty,high,2022,3,yr_2022_x_high,0.0006026906720045838,0.010238952988722133,-0.021102920027264768,0.022308301371273934,0.9537905130871254,0.9606960696069607,False,2019,171999,17,14.69309392430323,0.005381979442906315
tercile_event_study,exposure_cov_hybrid,poverty,high,2023,4,yr_2023_x_high,-0.0029790484241362433,0.01273868463307011,-0.029983853482889934,0.024025756634617444,0.8180608678737253,0.8225822582258225,False,2019,171999,17,14.69309392430323,0.005381979442906315
tercile_event_study,exposure_cov_hybrid,poverty,high,2024,5,yr_2024_x_high,-0.002202805802490983,0.013561725525005106,-0.030952379609533457,0.026546768004551493,0.8730023620919805,0.8776877687768777,False,2019,171999,17,14.69309392430323,0.005381979442906315
tercile_event_study,exposure_cov_hybrid,poverty,high,2025,6,yr_2025_x_high,-0.002886839409092612,0.013448692008716446,-0.03139679286596515,0.02562311404777992,0.8327476835086671,0.8509850985098509,False,2019,171999,17,14.69309392430323,0.005381979442906315
tercile_event_study,exposure_cov_hybrid,poverty,medium,2017,-2,yr_2017_x_medium,0.013900001143896397,0.012647295683215461,-0.012911067995770156,0.04071107028356295,0.2880096640273788,0.33163316331633164,True,2019,171999,17,14.69309392430323,0.005381979442906315
tercile_event_study,exposure_cov_hybrid,poverty,medium,2018,-1,yr_2018_x_medium,-0.0027984215312998758,0.010959093864570108,-0.026030662689465186,0.020433819626865437,0.8017050692237633,0.8240824082408241,True,2019,171999,17,14.69309392430323,0.005381979442906315
tercile_event_study,exposure_cov_hybrid,poverty,medium,2019,0,reference,0.0,0.0,0.0,0.0,,,True,2019,171999,17,14.69309392430323,0.005381979442906315
tercile_event_study,exposure_cov_hybrid,poverty,medium,2021,2,yr_2021_x_medium,-0.02355317589574596,0.009003613222218125,-0.04263998327766472,-0.004466368513827201,0.01872310809461397,0.0501050105010501,False,2019,171999,17,14.69309392430323,0.005381979442906315
tercile_event_study,exposure_cov_hybrid,poverty,medium,2022,3,yr_2022_x_medium,-0.016327606486547432,0.007524510982295884,-0.03227885719196501,-0.00037635578112986054,0.0454140321073464,0.0776077607760776,False,2019,171999,17,14.69309392430323,0.005381979442906315
tercile_event_study,exposure_cov_hybrid,poverty,medium,2023,4,yr_2023_x_medium,-0.01724570185089229,0.011735601739801408,-0.04212406616864747,0.0076326624668628905,0.16108031409700896,0.19851985198519853,False,2019,171999,17,14.69309392430323,0.005381979442906315
tercile_event_study,exposure_cov_hybrid,poverty,medium,2024,5,yr_2024_x_medium,-0.021654253154181156,0.0136074707764915,-0.050500802562263844,0.0071922962539015325,0.13109249405244383,0.192019201920192,False,2019,171999,17,14.69309392430323,0.005381979442906315
tercile_event_study,exposure_cov_hybrid,poverty,medium,2025,6,yr_2025_x_medium,-0.013331937835779703,0.009488903118938805,-0.033447513841415165,0.006783638169855761,0.17913814543890494,0.22612261226122612,False,2019,171999,17,14.69309392430323,0.005381979442906315
tercile_event_study,exposure_cov_hybrid,matdep,high,2017,-2,yr_2017_x_high,0.016405544890024156,0.010723100883531499,-0.006326413497058387,0.0391375032771067,0.14556463931923047,0.18791879187918792,True,2019,171999,17,27.686471024019557,1.4437359928966422e-05
tercile_event_study,exposure_cov_hybrid,matdep,high,2018,-1,yr_2018_x_high,-0.0012777485598795117,0.005427313529897471,-0.012783139272444373,0.01022764215268535,0.8168624112136507,0.8194819481948195,True,2019,171999,17,27.686471024019557,1.4437359928966422e-05
tercile_event_study,exposure_cov_hybrid,matdep,high,2019,0,reference,0.0,0.0,0.0,0.0,,,True,2019,171999,17,27.686471024019557,1.4437359928966422e-05
tercile_event_study,exposure_cov_hybrid,matdep,high,2021,2,yr_2021_x_high,0.014695737471968725,0.00909437068881562,-0.004583467144333959,0.03397494208827141,0.12565632251826186,0.16031603160316032,False,2019,171999,17,27.686471024019557,1.4437359928966422e-05
tercile_event_study,exposure_cov_hybrid,matdep,high,2022,3,yr_2022_x_high,0.018909223126227004,0.006689232107696365,0.0047286845334005186,0.03308976171905349,0.012149742737285196,0.024302430243024302,False,2019,171999,17,27.686471024019557,1.4437359928966422e-05
tercile_event_study,exposure_cov_hybrid,matdep,high,2023,4,yr_2023_x_high,0.019102585554277216,0.009436389580157651,-0.0009016667222152171,0.03910683783076965,0.059960067915572735,0.09820982098209821,False,2019,171999,17,27.686471024019557,1.4437359928966422e-05
tercile_event_study,exposure_cov_hybrid,matdep,high,2024,5,yr_2024_x_high,0.009328725972547212,0.00803123052952939,-0.0076967221862696625,0.026354174131364087,0.2624515159262859,0.33503350335033505,False,2019,171999,17,27.686471024019557,1.4437359928966422e-05
tercile_event_study,exposure_cov_hybrid,matdep,high,2025,6,yr_2025_x_high,0.012299577095526157,0.009040890783532403,-0.006866255186164785,0.0314654093772171,0.19255016569859307,0.3108310831083108,False,2019,171999,17,27.686471024019557,1.4437359928966422e-05
tercile_event_study,exposure_cov_hybrid,matdep,medium,2017,-2,yr_2017_x_medium,-0.0018642979648108304,0.005220292954849644,-0.012930824663283973,0.009202228733662311,0.7256647925830357,0.7370737073707371,True,2019,171999,17,27.686471024019557,1.4437359928966422e-05
tercile_event_study,exposure_cov_hybrid,matdep,medium,2018,-1,yr_2018_x_medium,-0.01408542598906082,0.0034760062002892945,-0.021454229953180033,-0.006716622024941606,0.0009248469655109837,0.009000900090009001,True,2019,171999,17,27.686471024019557,1.4437359928966422e-05
tercile_event_study,exposure_cov_hybrid,matdep,medium,2019,0,reference,0.0,0.0,0.0,0.0,,,True,2019,171999,17,27.686471024019557,1.4437359928966422e-05
tercile_event_study,exposure_cov_hybrid,matdep,medium,2021,2,yr_2021_x_medium,-0.0077176485216025595,0.007287933836383029,-0.02316737808172483,0.007732081038519711,0.3053427621298668,0.33783378337833786,False,2019,171999,17,27.686471024019557,1.4437359928966422e-05
tercile_event_study,exposure_cov_hybrid,matdep,medium,2022,3,yr_2022_x_medium,0.0007117482969795468,0.006156984062127703,-0.012340474843545777,0.01376397143750487,0.9094078609025589,0.9284928492849285,False,2019,171999,17,27.686471024019557,1.4437359928966422e-05
tercile_event_study,exposure_cov_hybrid,matdep,medium,2023,4,yr_2023_x_medium,-0.009159284987293587,0.008044972198972655,-0.026213864183983387,0.007895294209396213,0.27166805867497335,0.3412341234123412,False,2019,171999,17,27.686471024019557,1.4437359928966422e-05
tercile_event_study,exposure_cov_hybrid,matdep,medium,2024,5,yr_2024_x_medium,-0.009007309280528706,0.007535923653975121,-0.024982753769117367,0.006968135208059955,0.2494055570152376,0.38303830383038306,False,2019,171999,17,27.686471024019557,1.4437359928966422e-05
tercile_event_study,exposure_cov_hybrid,matdep,medium,2025,6,yr_2025_x_medium,-0.002197204024603718,0.00940026198331634,-0.022124869217104125,0.017730461167896693,0.8181522897522264,0.8497849784978497,False,2019,171999,17,27.686471024019557,1.4437359928966422e-05
tercile_event_study,exposure_cov_hybrid,poverty_gap,high,2017,-2,yr_2017_x_high,0.01982573750404361,0.004968751316154481,0.009292455258415142,0.030359019749672075,0.0010537670042551905,0.0008000800080008001,True,2019,171999,17,16.401961426410747,0.002524605072116573
tercile_event_study,exposure_cov_hybrid,poverty_gap,high,2018,-1,yr_2018_x_high,0.005934486730526626,0.005503148668220867,-0.00573166729363718,0.017600640754690432,0.29685401066141104,0.3359335933593359,True,2019,171999,17,16.401961426410747,0.002524605072116573
tercile_event_study,exposure_cov_hybrid,poverty_gap,high,2019,0,reference,0.0,0.0,0.0,0.0,,,True,2019,171999,17,16.401961426410747,0.002524605072116573
tercile_event_study,exposure_cov_hybrid,poverty_gap,high,2021,2,yr_2021_x_high,0.003889570924337819,0.004945816147089844,-0.00659509093485199,0.014374232783527629,0.44310447767414174,0.45504550455045506,False,2019,171999,17,16.401961426410747,0.002524605072116573
tercile_event_study,exposure_cov_hybrid,poverty_gap,high,2022,3,yr_2022_x_high,0.001344917370255238,0.004707748175735751,-0.008635062934886174,0.011324897675396652,0.7787873478096441,0.8001800180018002,False,2019,171999,17,16.401961426410747,0.002524605072116573
tercile_event_study,exposure_cov_hybrid,poverty_gap,high,2023,4,yr_2023_x_high,-0.0009732661186380794,0.006014038754210186,-0.013722458743410245,0.011775926506134087,0.8734638687656942,0.8837883788378837,False,2019,171999,17,16.401961426410747,0.002524605072116573
tercile_event_study,exposure_cov_hybrid,poverty_gap,high,2024,5,yr_2024_x_high,-0.002137840959532661,0.006754793838414218,-0.01645736421273404,0.012181682293668717,0.7557205117647787,0.7773777377737774,False,2019,171999,17,16.401961426410747,0.002524605072116573
tercile_event_study,exposure_cov_hybrid,poverty_gap,high,2025,6,yr_2025_x_high,-0.001470870014962254,0.006951156521301958,-0.016206663560186657,0.013264923530262148,0.835090327638236,0.8660866086608661,False,2019,171999,17,16.401961426410747,0.002524605072116573
tercile_event_study,exposure_cov_hybrid,poverty_gap,medium,2017,-2,yr_2017_x_medium,0.012487465198696006,0.005040588848173787,0.0018018941882568355,0.023173036209135175,0.024775069383976556,0.09020902090209021,True,2019,171999,17,16.401961426410747,0.002524605072116573
tercile_event_study,exposure_cov_hybrid,poverty_gap,medium,2018,-1,yr_2018_x_medium,0.00020072800099749425,0.004806927248168478,-0.009989502545365904,0.010390958547360893,0.9672082243081284,0.9735973597359736,True,2019,171999,17,16.401961426410747,0.002524605072116573
tercile_event_study,exposure_cov_hybrid,poverty_gap,medium,2019,0,reference,0.0,0.0,0.0,0.0,,,True,2019,171999,17,16.401961426410747,0.002524605072116573
tercile_event_study,exposure_cov_hybrid,poverty_gap,medium,2021,2,yr_2021_x_medium,-0.007637397111771643,0.0043754652331348546,-0.016912969046052585,0.0016381748225092977,0.10006755506945941,0.17241724172417242,False,2019,171999,17,16.401961426410747,0.002524605072116573
tercile_event_study,exposure_cov_hybrid,poverty_gap,medium,2022,3,yr_2022_x_medium,-0.004287805573397141,0.0032793078840414962,-0.011239627734554749,0.002664016587760466,0.20950908571376026,0.253025302530253,False,2019,171999,17,16.401961426410747,0.002524605072116573
tercile_event_study,exposure_cov_hybrid,poverty_gap,medium,2023,4,yr_2023_x_medium,-0.004511578843890241,0.005596358851392919,-0.01637532962930186,0.007352171941521381,0.43196828494334927,0.4902490249024902,False,2019,171999,17,16.401961426410747,0.002524605072116573
tercile_event_study,exposure_cov_hybrid,poverty_gap,medium,2024,5,yr_2024_x_medium,-0.005476295821820829,0.006122364315823155,-0.018455128378697446,0.007502536735055788,0.38432664992851584,0.44354435443544354,False,2019,171999,17,16.401961426410747,0.002524605072116573
tercile_event_study,exposure_cov_hybrid,poverty_gap,medium,2025,6,yr_2025_x_medium,-0.004062372906889704,0.0035331545439945037,-0.011552325947671308,0.0034275801338918997,0.2671286128741093,0.3317331733173317,False,2019,171999,17,16.401961426410747,0.002524605072116573
tercile_event_study,exposure_cov_hybrid,poverty_gap_sq,high,2017,-2,yr_2017_x_high,0.01310471525390655,0.0035254021034536935,0.005631196652909307,0.02057823385490379,0.001872981206539004,0.0047004700470047005,True,2019,171999,17,18.684118588907534,0.0009065718344839725
tercile_event_study,exposure_cov_hybrid,poverty_gap_sq,high,2018,-1,yr_2018_x_high,0.003182848925621373,0.0043932986632220965,-0.006130528191604803,0.01249622604284755,0.47923328596650716,0.5014501450145015,True,2019,171999,17,18.684118588907534,0.0009065718344839725
tercile_event_study,exposure_cov_hybrid,poverty_gap_sq,high,2019,0,reference,0.0,0.0,0.0,0.0,,,True,2019,171999,17,18.684118588907534,0.0009065718344839725
tercile_event_study,exposure_cov_hybrid,poverty_gap_sq,high,2021,2,yr_2021_x_high,0.003591968688697159,0.004596910706144397,-0.006153046677305268,0.013336984054699587,0.44598350405572584,0.46004600460046,False,2019,171999,17,18.684118588907534,0.0009065718344839725
tercile_event_study,exposure_cov_hybrid,poverty_gap_sq,high,2022,3,yr_2022_x_high,0.002503445532516928,0.004107116199972952,-0.006203251864323196,0.011210142929357052,0.5507261382079247,0.596959695969597,False,2019,171999,17,18.684118588907534,0.0009065718344839725
tercile_event_study,exposure_cov_hybrid,poverty_gap_sq,high,2023,4,yr_2023_x_high,0.0014184570636913939,0.004337257261106031,-0.007776117588213146,0.010613031715595933,0.747877115026311,0.7606760676067607,False,2019,171999,17,18.684118588907534,0.0009065718344839725
tercile_event_study,exposure_cov_hybrid,poverty_gap_sq,high,2024,5,yr_2024_x_high,0.00012674075375357192,0.004725641507065676,-0.009891171719294871,0.010144653226802015,0.9789351289194737,0.9762976297629763,False,2019,171999,17,18.684118588907534,0.0009065718344839725
tercile_event_study,exposure_cov_hybrid,poverty_gap_sq,high,2025,6,yr_2025_x_high,0.0012605317013562553,0.005026877110915991,-0.009395971724608584,0.011917035127321094,0.8051926353794945,0.8435843584358436,False,2019,171999,17,18.684118588907534,0.0009065718344839725
tercile_event_study,exposure_cov_hybrid,poverty_gap_sq,medium,2017,-2,yr_2017_x_medium,0.011027988015252089,0.003545126338696704,0.0035126559034401013,0.018543320127064077,0.006726716975710145,0.020602060206020602,True,2019,171999,17,18.684118588907534,0.0009065718344839725
tercile_event_study,exposure_cov_hybrid,poverty_gap_sq,medium,2018,-1,yr_2018_x_medium,0.0015161860135605384,0.003545494383310175,-0.005999926317977896,0.009032298345098973,0.6746150888308176,0.7028702870287029,True,2019,171999,17,18.684118588907534,0.0009065718344839725
tercile_event_study,exposure_cov_hybrid,poverty_gap_sq,medium,2019,0,reference,0.0,0.0,0.0,0.0,,,True,2019,171999,17,18.684118588907534,0.0009065718344839725
tercile_event_study,exposure_cov_hybrid,poverty_gap_sq,medium,2021,2,yr_2021_x_medium,-0.004096114803587342,0.0041008564901936105,-0.012789542208494651,0.004597312601319967,0.3327378247541499,0.37723772377237724,False,2019,171999,17,18.684118588907534,0.0009065718344839725
tercile_event_study,exposure_cov_hybrid,poverty_gap_sq,medium,2022,3,yr_2022_x_medium,-0.00040008839198756653,0.0032987141394301557,-0.0073930499767816335,0.006592873192806501,0.904974525184733,0.9092909290929093,False,2019,171999,17,18.684118588907534,0.0009065718344839725
tercile_event_study,exposure_cov_hybrid,poverty_gap_sq,medium,2023,4,yr_2023_x_medium,-0.0007019720141728835,0.003972559040088339,-0.009123420974725455,0.007719476946379688,0.8619573248471077,0.8467846784678468,False,2019,171999,17,18.684118588907534,0.0009065718344839725
tercile_event_study,exposure_cov_hybrid,poverty_gap_sq,medium,2024,5,yr_2024_x_medium,-0.00044683118733790096,0.004105525745765787,-0.009150156971876086,0.008256494597200285,0.9146854143303438,0.9198919891989199,False,2019,171999,17,18.684118588907534,0.0009065718344839725
tercile_event_study,exposure_cov_hybrid,poverty_gap_sq,medium,2025,6,yr_2025_x_medium,-0.0015911972953470232,0.002221685377136928,-0.006300959899541969,0.0031185653088479227,0.48418383121792896,0.5107510751075107,False,2019,171999,17,18.684118588907534,0.0009065718344839725
tercile_event_study,exposure_composite_sim,poverty,high,2017,-2,yr_2017_x_high,0.00839020956494098,0.015339714956320695,-0.024510206869829285,0.04129062599971124,0.5930181866633526,0.6142614261426143,True,2019,160572,15,2.127431321366185,0.7123345645886114
tercile_event_study,exposure_composite_sim,poverty,high,2018,-1,yr_2018_x_high,0.0005569695472629674,0.014127116523662954,-0.02974268191135298,0.030856621005878916,0.9691078060779696,0.9676967696769677,True,2019,160572,15,2.127431321366185,0.7123345645886114
tercile_event_study,exposure_composite_sim,poverty,high,2019,0,reference,0.0,0.0,0.0,0.0,,,True,2019,160572,15,2.127431321366185,0.7123345645886114
tercile_event_study,exposure_composite_sim,poverty,high,2021,2,yr_2021_x_high,0.0015488484734650218,0.010814206234094447,-0.021645317097818473,0.024743014044748518,0.8881546756350738,0.8912891289128912,False,2019,160572,15,2.127431321366185,0.7123345645886114
tercile_event_study,exposure_composite_sim,poverty,high,2022,3,yr_2022_x_high,-0.0007071076173147924,0.008718597727157853,-0.019406639959833376,0.017992424725203793,0.9365077930832753,0.9411941194119412,False,2019,160572,15,2.127431321366185,0.7123345645886114
tercile_event_study,exposure_composite_sim,poverty,high,2023,4,yr_2023_x_high,0.0013100041236596446,0.010923339887845827,-0.02211822985539364,0.02473823810271293,0.9062449519122371,0.8772877287728773,False,2019,160572,15,2.127431321366185,0.7123345645886114
tercile_event_study,exposure_composite_sim,poverty,high,2024,5,yr_2024_x_high,-0.007154465287395117,0.013618384125324947,-0.03636299427034321,0.022054063695552975,0.6075582426968138,0.6449644964496449,False,2019,160572,15,2.127431321366185,0.7123345645886114
tercile_event_study,exposure_composite_sim,poverty,high,2025,6,yr_2025_x_high,-0.00418693567073627,0.011121416821141305,-0.02804000241950528,0.019666131078032743,0.7122079804923978,0.7067706770677068,False,2019,160572,15,2.127431321366185,0.7123345645886114
tercile_event_study,exposure_composite_sim,poverty,medium,2017,-2,yr_2017_x_medium,0.011091893358703211,0.016085297828816226,-0.023407639295734986,0.04559142601314141,0.5017369427463261,0.5353535353535354,True,2019,160572,15,2.127431321366185,0.7123345645886114
tercile_event_study,exposure_composite_sim,poverty,medium,2018,-1,yr_2018_x_medium,0.0102885634120651,0.01307878538150279,-0.01776264136831606,0.038339768192446264,0.4445935409616657,0.48284828482848285,True,2019,160572,15,2.127431321366185,0.7123345645886114
tercile_event_study,exposure_composite_sim,poverty,medium,2019,0,reference,0.0,0.0,0.0,0.0,,,True,2019,160572,15,2.127431321366185,0.7123345645886114
tercile_event_study,exposure_composite_sim,poverty,medium,2021,2,yr_2021_x_medium,0.010598094269451819,0.010357782056257241,-0.01161713880116261,0.03281332734006625,0.3235688609295875,0.37663766376637664,False,2019,160572,15,2.127431321366185,0.7123345645886114
tercile_event_study,exposure_composite_sim,poverty,medium,2022,3,yr_2022_x_medium,0.004991323047473523,0.009950521688756842,-0.016350423408409535,0.026333069503356583,0.6237344901723092,0.654965496549655,False,2019,160572,15,2.127431321366185,0.7123345645886114
tercile_event_study,exposure_composite_sim,poverty,medium,2023,4,yr_2023_x_medium,0.0060683968395314316,0.009032294027239754,-0.013303947151451882,0.025440740830514744,0.5126108754294461,0.5554555455545555,False,2019,160572,15,2.127431321366185,0.7123345645886114
tercile_event_study,exposure_composite_sim,poverty,medium,2024,5,yr_2024_x_medium,0.002151957476726674,0.013782392297969914,-0.027408334051620065,0.03171224900507341,0.8781532238935554,0.8742874287428742,False,2019,160572,15,2.127431321366185,0.7123345645886114
tercile_event_study,exposure_composite_sim,poverty,medium,2025,6,yr_2025_x_medium,0.0027373446662016655,0.010265669634035933,-0.019280326907440637,0.02475501623984397,0.7936257164022322,0.8204820482048205,False,2019,160572,15,2.127431321366185,0.7123345645886114
tercile_event_study,exposure_composite_sim,matdep,high,2017,-2,yr_2017_x_high,0.007081681150400747,0.01009639755289769,-0.014572937916980108,0.0287363002177816,0.4945442932929338,0.5096509650965096,True,2019,160572,15,3.682070467806922,0.45073904137640963
tercile_event_study,exposure_composite_sim,matdep,high,2018,-1,yr_2018_x_high,-0.004196658634610133,0.005923826738448314,-0.01690200336476562,0.008508686095545354,0.49030237062737836,0.5573557355735573,True,2019,160572,15,3.682070467806922,0.45073904137640963
tercile_event_study,exposure_composite_sim,matdep,high,2019,0,reference,0.0,0.0,0.0,0.0,,,True,2019,160572,15,3.682070467806922,0.45073904137640963
tercile_event_study,exposure_composite_sim,matdep,high,2021,2,yr_2021_x_high,0.015788681010428417,0.008996603107430614,-0.0035071135708687126,0.03508447559172555,0.10111468972271731,0.18191819181918192,False,2019,160572,15,3.682070467806922,0.45073904137640963
tercile_event_study,exposure_composite_sim,matdep,high,2022,3,yr_2022_x_high,0.014544789220627886,0.007421016180263703,-0.0013717074936243356,0.03046128593488011,0.0702171697731746,0.14501450145014502,False,2019,160572,15,3.682070467806922,0.45073904137640963
tercile_event_study,exposure_composite_sim,matdep,high,2023,4,yr_2023_x_high,0.011010826044040077,0.012958919156943667,-0.016783291253575715,0.038804943341655865,0.4098030137304718,0.48574857485748574,False,2019,160572,15,3.682070467806922,0.45073904137640963
tercile_event_study,exposure_composite_sim,matdep,high,2024,5,yr_2024_x_high,0.0036970737430827697,0.010183513107531511,-0.01814438960618728,0.025538537092352823,0.7219940731982566,0.754975497549755,False,2019,160572,15,3.682070467806922,0.45073904137640963
tercile_event_study,exposure_composite_sim,matdep,high,2025,6,yr_2025_x_high,0.004840206888182803,0.010430154656137128,-0.01753024997122401,0.02721066374758961,0.6497390357684347,0.6815681568156816,False,2019,160572,15,3.682070467806922,0.45073904137640963
tercile_event_study,exposure_composite_sim,matdep,medium,2017,-2,yr_2017_x_medium,-0.006098675567180067,0.006364571187965114,-0.019749323125432847,0.007551971991072712,0.35420709132970263,0.43214321432143216,True,2019,160572,15,3.682070467806922,0.45073904137640963
tercile_event_study,exposure_composite_sim,matdep,medium,2018,-1,yr_2018_x_medium,-0.005607226198437145,0.007942706284455356,-0.022642636903378074,0.011428184506503784,0.4917950089460348,0.5333533353335334,True,2019,160572,15,3.682070467806922,0.45073904137640963
tercile_event_study,exposure_composite_sim,matdep,medium,2019,0,reference,0.0,0.0,0.0,0.0,,,True,2019,160572,15,3.682070467806922,0.45073904137640963
tercile_event_study,exposure_composite_sim,matdep,medium,2021,2,yr_2021_x_medium,-0.0025689409905646763,0.007303058114364594,-0.018232442815343957,0.013094560834214604,0.7302547639954571,0.7461746174617462,False,2019,160572,15,3.682070467806922,0.45073904137640963
tercile_event_study,exposure_composite_sim,matdep,medium,2022,3,yr_2022_x_medium,0.006273834482828748,0.005843607286375615,-0.006259456634409152,0.01880712560006665,0.3011487071034915,0.35393539353935394,False,2019,160572,15,3.682070467806922,0.45073904137640963
tercile_event_study,exposure_composite_sim,matdep,medium,2023,4,yr_2023_x_medium,-0.0023695671751286355,0.006393561828214042,-0.016082393472661532,0.01134325912240426,0.7164697163497964,0.6712671267126713,False,2019,160572,15,3.682070467806922,0.45073904137640963
tercile_event_study,exposure_composite_sim,matdep,medium,2024,5,yr_2024_x_medium,-0.005007266638731537,0.00648006442400004,-0.018905622552176576,0.0088910892747135,0.4525378839115657,0.5346534653465347,False,2019,160572,15,3.682070467806922,0.45073904137640963
tercile_event_study,exposure_composite_sim,matdep,medium,2025,6,yr_2025_x_medium,0.0010416789258772317,0.007488785128501723,-0.015020167726410084,0.01710352557816455,0.8913534251827995,0.8978897889788979,False,2019,160572,15,3.682070467806922,0.45073904137640963
tercile_event_study,exposure_composite_sim,poverty_gap,high,2017,-2,yr_2017_x_high,0.0035794176693111856,0.008403492529827606,-0.014444281240679773,0.021603116579302143,0.6766243828503209,0.7200720072007201,True,2019,160572,15,3.857961524353832,0.4255698169013057
tercile_event_study,exposure_composite_sim,poverty_gap,high,2018,-1,yr_2018_x_high,-0.0045804315389987894,0.005214560828073628,-0.015764552186388746,0.006603689108391169,0.39455653054926776,0.48664866486648667,True,2019,160572,15,3.857961524353832,0.4255698169013057
tercile_event_study,exposure_composite_sim,poverty_gap,high,2019,0,reference,0.0,0.0,0.0,0.0,,,True,2019,160572,15,3.857961524353832,0.4255698169013057
tercile_event_study,exposure_composite_sim,poverty_gap,high,2021,2,yr_2021_x_high,0.002574044068465599,0.005282044276094513,-0.008754814179894346,0.013902902316825543,0.6335738191661142,0.6694669466946694,False,2019,160572,15,3.857961524353832,0.4255698169013057
tercile_event_study,exposure_composite_sim,poverty_gap,high,2022,3,yr_2022_x_high,0.0006049465793539165,0.004305105704324026,-0.008628586825359257,0.009838479984067089,0.8902521405301465,0.9015901590159016,False,2019,160572,15,3.857961524353832,0.4255698169013057
tercile_event_study,exposure_composite_sim,poverty_gap,high,2023,4,yr_2023_x_high,-0.0012637025551558735,0.005258153246909091,-0.01254131964215827,0.010013914531846524,0.813556392372663,0.8291829182918292,False,2019,160572,15,3.857961524353832,0.4255698169013057
tercile_event_study,exposure_composite_sim,poverty_gap,high,2024,5,yr_2024_x_high,-0.003001252052333889,0.005703970444628934,-0.015235051930250624,0.009232547825582848,0.6070062752244043,0.6125612561256125,False,2019,160572,15,3.857961524353832,0.4255698169013057
tercile_event_study,exposure_composite_sim,poverty_gap,high,2025,6,yr_2025_x_high,-0.0009309432609811856,0.005649941349597985,-0.013048862255115295,0.011186975733152922,0.8714800852091797,0.8965896589658966,False,2019,160572,15,3.857961524353832,0.4255698169013057
tercile_event_study,exposure_composite_sim,poverty_gap,medium,2017,-2,yr_2017_x_medium,0.0056140938667198865,0.007838174145769802,-0.011197117698708688,0.022425305432148462,0.4856137443177917,0.532953295329533,True,2019,160572,15,3.857961524353832,0.4255698169013057
tercile_event_study,exposure_composite_sim,poverty_gap,medium,2018,-1,yr_2018_x_medium,-0.002408591753626059,0.005599200585418746,-0.01441768263221376,0.009600499124961642,0.6736220349669186,0.7057705770577057,True,2019,160572,15,3.857961524353832,0.4255698169013057
tercile_event_study,exposure_composite_sim,poverty_gap,medium,2019,0,reference,0.0,0.0,0.0,0.0,,,True,2019,160572,15,3.857961524353832,0.4255698169013057
tercile_event_study,exposure_composite_sim,poverty_gap,medium,2021,2,yr_2021_x_medium,0.004642004869451306,0.004100153671359366,-0.004151950143297573,0.013435959882200185,0.2765890205909085,0.2988298829882988,False,2019,160572,15,3.857961524353832,0.4255698169013057
tercile_event_study,exposure_composite_sim,poverty_gap,medium,2022,3,yr_2022_x_medium,0.0007060761952886215,0.0034775568095105503,-0.006752541356227517,0.00816469374680476,0.8420266490802482,0.8558855885588559,False,2019,160572,15,3.857961524353832,0.4255698169013057
tercile_event_study,exposure_composite_sim,poverty_gap,medium,2023,4,yr_2023_x_medium,0.003931154847817988,0.005147112333897485,-0.007108303167142877,0.014970612862778853,0.45768982585433227,0.49314931493149317,False,2019,160572,15,3.857961524353832,0.4255698169013057
tercile_event_study,exposure_composite_sim,poverty_gap,medium,2024,5,yr_2024_x_medium,0.004186017535848879,0.005118570087687066,-0.006792223449396607,0.015164258521094365,0.427165718940012,0.44434443444344435,False,2019,160572,15,3.857961524353832,0.4255698169013057
tercile_event_study,exposure_composite_sim,poverty_gap,medium,2025,6,yr_2025_x_medium,0.003627737421198416,0.004146596495449436,-0.005265827542408152,0.012521302384804983,0.3964051948496585,0.44994499449944997,False,2019,160572,15,3.857961524353832,0.4255698169013057
tercile_event_study,exposure_composite_sim,poverty_gap_sq,high,2017,-2,yr_2017_x_high,0.002433585756274814,0.005732995017273159,-0.009862465638671757,0.014729637151221385,0.6776611153798253,0.6721672167216721,True,2019,160572,15,2.686322483909959,0.6116101151644462
tercile_event_study,exposure_composite_sim,poverty_gap_sq,high,2018,-1,yr_2018_x_high,-0.0036884326720486036,0.0034064431557973003,-0.010994526605751367,0.0036176612616541596,0.2972027636917689,0.41354135413541354,True,2019,160572,15,2.686322483909959,0.6116101151644462
tercile_event_study,exposure_composite_sim,poverty_gap_sq,high,2019,0,reference,0.0,0.0,0.0,0.0,,,True,2019,160572,15,2.686322483909959,0.6116101151644462
tercile_event_study,exposure_composite_sim,poverty_gap_sq,high,2021,2,yr_2021_x_high,0.0028922741035667028,0.004122065359723568,-0.005948676806695519,0.011733225013828924,0.4943931923400757,0.5235523552355236,False,2019,160572,15,2.686322483909959,0.6116101151644462
tercile_event_study,exposure_composite_sim,poverty_gap_sq,high,2022,3,yr_2022_x_high,0.0018903288403748428,0.0034044556176037293,-0.005411502247868621,0.009192159928618306,0.5874857516241001,0.6008600860086009,False,2019,160572,15,2.686322483909959,0.6116101151644462
tercile_event_study,exposure_composite_sim,poverty_gap_sq,high,2023,4,yr_2023_x_high,-6.12584239987961e-06,0.0036565084275626985,-0.007848556442095617,0.007836304757295857,0.9986869224359611,0.9977997799779978,False,2019,160572,15,2.686322483909959,0.6116101151644462
tercile_event_study,exposure_composite_sim,poverty_gap_sq,high,2024,5,yr_2024_x_high,-0.0009001237770300546,0.0037326172852319667,-0.008905791641487469,0.00710554408742736,0.8129341997181225,0.8326832683268327,False,2019,160572,15,2.686322483909959,0.6116101151644462
tercile_event_study,exposure_composite_sim,poverty_gap_sq,high,2025,6,yr_2025_x_high,0.0013548368981793073,0.004136145588050474,-0.007516313098361305,0.010225986894719919,0.7480910003013568,0.8091809180918091,False,2019,160572,15,2.686322483909959,0.6116101151644462
tercile_event_study,exposure_composite_sim,poverty_gap_sq,medium,2017,-2,yr_2017_x_medium,0.0024589313722906568,0.005845953674115489,-0.01007939224613642,0.014997254990717735,0.6804168733319857,0.7246724672467246,True,2019,160572,15,2.686322483909959,0.6116101151644462
tercile_event_study,exposure_composite_sim,poverty_gap_sq,medium,2018,-1,yr_2018_x_medium,-0.003403038763911436,0.004532981110724058,-0.013125316306775256,0.006319238778952383,0.4652478046225397,0.5106510651065107,True,2019,160572,15,2.686322483909959,0.6116101151644462
tercile_event_study,exposure_composite_sim,poverty_gap_sq,medium,2019,0,reference,0.0,0.0,0.0,0.0,,,True,2019,160572,15,2.686322483909959,0.6116101151644462
tercile_event_study,exposure_composite_sim,poverty_gap_sq,medium,2021,2,yr_2021_x_medium,0.003984516338663907,0.003472721222706934,-0.003463729910647564,0.01143276258797538,0.270456528997832,0.3234323432343234,False,2019,160572,15,2.686322483909959,0.6116101151644462
tercile_event_study,exposure_composite_sim,poverty_gap_sq,medium,2022,3,yr_2022_x_medium,0.0012687011225538485,0.002764102656733534,-0.00465970945964647,0.007197111704754167,0.6532851441498035,0.6734673467346735,False,2019,160572,15,2.686322483909959,0.6116101151644462
tercile_event_study,exposure_composite_sim,poverty_gap_sq,medium,2023,4,yr_2023_x_medium,0.003653457226600376,0.003695791090431745,-0.004273226305482854,0.011580140758683606,0.33966376285529387,0.37843784378437845,False,2019,160572,15,2.686322483909959,0.6116101151644462
tercile_event_study,exposure_composite_sim,poverty_gap_sq,medium,2024,5,yr_2024_x_medium,0.0043435740886277885,0.0031020659676424165,-0.002309695703814527,0.010996843881070105,0.1832181193568143,0.23322332233223322,False,2019,160572,15,2.686322483909959,0.6116101151644462
tercile_event_study,exposure_composite_sim,poverty_gap_sq,medium,2025,6,yr_2025_x_medium,0.004497684876391972,0.002423806271842897,-0.0007008625495483548,0.009696232302332299,0.0846799154293536,0.1787178717871787,False,2019,160572,15,2.686322483909959,0.6116101151644462
tercile_event_study,exposure_admin,poverty,high,2017,-2,yr_2017_x_high,0.02532993422806071,0.011562365753851537,0.0008188137949364828,0.049841054661184936,0.04362371875742754,0.059905990599059905,True,2019,171999,17,7.179709342552129,0.12669073627779165
tercile_event_study,exposure_admin,poverty,high,2018,-1,yr_2018_x_high,0.005425235716548569,0.01237872983962946,-0.020816499268110196,0.03166697070120733,0.6670496898902198,0.728972897289729,True,2019,171999,17,7.179709342552129,0.12669073627779165
tercile_event_study,exposure_admin,poverty,high,2019,0,reference,0.0,0.0,0.0,0.0,,,True,2019,171999,17,7.179709342552129,0.12669073627779165
tercile_event_study,exposure_admin,poverty,high,2021,2,yr_2021_x_high,0.0013465816050222872,0.011481053330971108,-0.0229921641919452,0.025685327401989776,0.9080920866213851,0.9170917091709171,False,2019,171999,17,7.179709342552129,0.12669073627779165
tercile_event_study,exposure_admin,poverty,high,2022,3,yr_2022_x_high,-0.0022582046951967367,0.009698893008771801,-0.022818939381072056,0.018302529990678582,0.8188448059410203,0.8261826182618262,False,2019,171999,17,7.179709342552129,0.12669073627779165
tercile_event_study,exposure_admin,poverty,high,2023,4,yr_2023_x_high,-0.0046307770134197115,0.013072202343033443,-0.03234260803290881,0.023081054006069385,0.7277798969483045,0.7227722772277227,False,2019,171999,17,7.179709342552129,0.12669073627779165
tercile_event_study,exposure_admin,poverty,high,2024,5,yr_2024_x_high,-0.011667610457116246,0.013958407739753948,-0.04125811299331161,0.017922892079079124,0.4155291378656285,0.46994699469946993,False,2019,171999,17,7.179709342552129,0.12669073627779165
tercile_event_study,exposure_admin,poverty,high,2025,6,yr_2025_x_high,-0.00935812440388516,0.010664047571036698,-0.03196489536087341,0.013248646553103084,0.3931801319362749,0.43964396439643966,False,2019,171999,17,7.179709342552129,0.12669073627779165
tercile_event_study,exposure_admin,poverty,medium,2017,-2,yr_2017_x_medium,0.03213463093729541,0.014409145022341354,0.0015886080471864128,0.06268065382740441,0.040407552660114865,0.058205820582058206,True,2019,171999,17,7.179709342552129,0.12669073627779165
tercile_event_study,exposure_admin,poverty,medium,2018,-1,yr_2018_x_medium,0.013181248022373634,0.01274623491442404,-0.013839562917832865,0.04020205896258013,0.3164544439301955,0.35933593359335936,True,2019,171999,17,7.179709342552129,0.12669073627779165
tercile_event_study,exposure_admin,poverty,medium,2019,0,reference,0.0,0.0,0.0,0.0,,,True,2019,171999,17,7.179709342552129,0.12669073627779165
tercile_event_study,exposure_admin,poverty,medium,2021,2,yr_2021_x_medium,0.007472180949083838,0.012706582767282976,-0.019464571194272817,0.03440893309244049,0.5647035900208721,0.5999599959995999,False,2019,171999,17,7.179709342552129,0.12669073627779165
tercile_event_study,exposure_admin,poverty,medium,2022,3,yr_2022_x_medium,0.0036022841314260067,0.012184034892945634,-0.022226716004026113,0.029431284266878126,0.7712952623457763,0.7994799479947995,False,2019,171999,17,7.179709342552129,0.12669073627779165
tercile_event_study,exposure_admin,poverty,medium,2023,4,yr_2023_x_medium,0.0010289122952907924,0.012739148269312425,-0.025976875628389892,0.028034700218971476,0.936628327021088,0.9427942794279428,False,2019,171999,17,7.179709342552129,0.12669073627779165
tercile_event_study,exposure_admin,poverty,medium,2024,5,yr_2024_x_medium,-0.004300579376429008,0.016005671989479747,-0.03823108824452433,0.029629929491666308,0.7916012359109807,0.8026802680268027,False,2019,171999,17,7.179709342552129,0.12669073627779165
tercile_event_study,exposure_admin,poverty,medium,2025,6,yr_2025_x_medium,-0.007026243987636544,0.013041793263943273,-0.03467361063921795,0.020621122663944863,0.5974772749738215,0.6215621562156216,False,2019,171999,17,7.179709342552129,0.12669073627779165
tercile_event_study,exposure_admin,matdep,high,2017,-2,yr_2017_x_high,0.008927291538393622,0.006607635898638452,-0.005080270818454628,0.022934853895241872,0.19547440978211705,0.21032103210321032,True,2019,171999,17,5.194013356606902,0.267963458416403
tercile_event_study,exposure_admin,matdep,high,2018,-1,yr_2018_x_high,-0.007499520804263531,0.0048409769372229385,-0.017761933466890315,0.0027628918583632546,0.14089117645919957,0.19021902190219023,True,2019,171999,17,5.194013356606902,0.267963458416403
tercile_event_study,exposure_admin,matdep,high,2019,0,reference,0.0,0.0,0.0,0.0,,,True,2019,171999,17,5.194013356606902,0.267963458416403
tercile_event_study,exposure_admin,matdep,high,2021,2,yr_2021_x_high,0.006768254890914822,0.007225796519755951,-0.008549749442410317,0.022086259224239964,0.3628476589805778,0.4006400640064006,False,2019,171999,17,5.194013356606902,0.267963458416403
tercile_event_study,exposure_admin,matdep,high,2022,3,yr_2022_x_high,0.011609791681967145,0.007060946875295207,-0.0033587470164909237,0.026578330380425216,0.11963127230472881,0.17381738173817382,False,2019,171999,17,5.194013356606902,0.267963458416403
tercile_event_study,exposure_admin,matdep,high,2023,4,yr_2023_x_high,0.009176737702442928,0.011282344451658963,-0.014740764088268427,0.03309423949315428,0.42794371240866513,0.48574857485748574,False,2019,171999,17,5.194013356606902,0.267963458416403
tercile_event_study,exposure_admin,matdep,high,2024,5,yr_2024_x_high,-0.0023934103173755363,0.00898507888077843,-0.02144092665065871,0.016654106015907635,0.793351911262075,0.8187818781878188,False,2019,171999,17,5.194013356606902,0.267963458416403
tercile_event_study,exposure_admin,matdep,high,2025,6,yr_2025_x_high,7.735133406353731e-06,0.010333534608812646,-0.02189837964350181,0.021913849910314517,0.9994119997990851,0.9995999599959996,False,2019,171999,17,5.194013356606902,0.267963458416403
tercile_event_study,exposure_admin,matdep,medium,2017,-2,yr_2017_x_medium,0.008077262790088828,0.012682469190570745,-0.018808370854212393,0.034962896434390045,0.5332075684359929,0.6358635863586358,True,2019,171999,17,5.194013356606902,0.267963458416403
tercile_event_study,exposure_admin,matdep,medium,2018,-1,yr_2018_x_medium,-0.007653450435035248,0.0077639739488118325,-0.02411233995213722,0.008805439082066725,0.3389218864664345,0.41244124412441246,True,2019,171999,17,5.194013356606902,0.267963458416403
tercile_event_study,exposure_admin,matdep,medium,2019,0,reference,0.0,0.0,0.0,0.0,,,True,2019,171999,17,5.194013356606902,0.267963458416403
tercile_event_study,exposure_admin,matdep,medium,2021,2,yr_2021_x_medium,0.006106278236753772,0.012302256768905973,-0.01997334108003055,0.032185897553538095,0.626394119277903,0.6484648464846484,False,2019,171999,17,5.194013356606902,0.267963458416403
tercile_event_study,exposure_admin,matdep,medium,2022,3,yr_2022_x_medium,0.00848241289548326,0.007401765553428027,-0.0072086291248221555,0.024173454915788678,0.26864707698919155,0.33463346334633465,False,2019,171999,17,5.194013356606902,0.267963458416403
tercile_event_study,exposure_admin,matdep,medium,2023,4,yr_2023_x_medium,0.007261372522280242,0.010289073359626012,-0.01455048861686718,0.029073233661427663,0.4905008547671976,0.5265526552655265,False,2019,171999,17,5.194013356606902,0.267963458416403
tercile_event_study,exposure_admin,matdep,medium,2024,5,yr_2024_x_medium,-0.0035485792033079023,0.008289389801215005,-0.021121300570214212,0.014024142163598409,0.6742945431490965,0.7005700570057005,False,2019,171999,17,5.194013356606902,0.267963458416403
tercile_event_study,exposure_admin,matdep,medium,2025,6,yr_2025_x_medium,0.001775095645112932,0.009474759709875841,-0.0183104976727009,0.021860688962926766,0.8537414661658485,0.8835883588358836,False,2019,171999,17,5.194013356606902,0.267963458416403
tercile_event_study,exposure_admin,poverty_gap,high,2017,-2,yr_2017_x_high,0.014640614630392412,0.005058491183797293,0.003917092363796532,0.02536413689698829,0.01056599954479287,0.0306030603060306,True,2019,171999,17,16.716659441723206,0.0021939254539891655
tercile_event_study,exposure_admin,poverty_gap,high,2018,-1,yr_2018_x_high,0.0007798285299849383,0.004701906129327452,-0.009187767190017225,0.0107474242499871,0.8703497141600867,0.8830883088308831,True,2019,171999,17,16.716659441723206,0.0021939254539891655
tercile_event_study,exposure_admin,poverty_gap,high,2019,0,reference,0.0,0.0,0.0,0.0,,,True,2019,171999,17,16.716659441723206,0.0021939254539891655
tercile_event_study,exposure_admin,poverty_gap,high,2021,2,yr_2021_x_high,-3.2323722833004296e-05,0.0042742109136074385,-0.009093246088578734,0.009028598642912725,0.9940595460375974,0.9962996299629963,False,2019,171999,17,16.716659441723206,0.0021939254539891655
tercile_event_study,exposure_admin,poverty_gap,high,2022,3,yr_2022_x_high,-0.0013905240063072386,0.003833784632857297,-0.009517784365574435,0.006736736352959958,0.7215737547113219,0.7413741374137414,False,2019,171999,17,16.716659441723206,0.0021939254539891655
tercile_event_study,exposure_admin,poverty_gap,high,2023,4,yr_2023_x_high,-0.0035601197534915145,0.0054454401689722305,-0.01510393722428803,0.007983697717305002,0.5225395821745793,0.5561556155615561,False,2019,171999,17,16.716659441723206,0.0021939254539891655
tercile_event_study,exposure_admin,poverty_gap,high,2024,5,yr_2024_x_high,-0.0044670303131004035,0.005862481151425044,-0.016894935172591077,0.00796087454639027,0.4571642814533696,0.47714771477147716,False,2019,171999,17,16.716659441723206,0.0021939254539891655
tercile_event_study,exposure_admin,poverty_gap,high,2025,6,yr_2025_x_high,-0.0033846007825034333,0.004731011065565963,-0.013413896211071112,0.006644694646064245,0.4846671329934864,0.5338533853385339,False,2019,171999,17,16.716659441723206,0.0021939254539891655
tercile_event_study,exposure_admin,poverty_gap,medium,2017,-2,yr_2017_x_medium,0.018001868606949138,0.005636703059265778,0.006052591921474957,0.02995114529242332,0.0056521838836931515,0.007400740074007401,True,2019,171999,17,16.716659441723206,0.0021939254539891655
tercile_event_study,exposure_admin,poverty_gap,medium,2018,-1,yr_2018_x_medium,0.0012832251889187908,0.005187050873242189,-0.009712831444597562,0.012279281822435144,0.8077528754528167,0.858085808580858,True,2019,171999,17,16.716659441723206,0.0021939254539891655
tercile_event_study,exposure_admin,poverty_gap,medium,2019,0,reference,0.0,0.0,0.0,0.0,,,True,2019,171999,17,16.716659441723206,0.0021939254539891655
tercile_event_study,exposure_admin,poverty_gap,medium,2021,2,yr_2021_x_medium,0.005708552006711842,0.004939277507815471,-0.004762248556430527,0.01617935256985421,0.26475244087504546,0.2942294229422942,False,2019,171999,17,16.716659441723206,0.0021939254539891655
tercile_event_study,exposure_admin,poverty_gap,medium,2022,3,yr_2022_x_medium,0.0001254638474715226,0.0036659175515270544,-0.007645934196518886,0.007896861891461932,0.973121536164665,0.977997799779978,False,2019,171999,17,16.716659441723206,0.0021939254539891655
tercile_event_study,exposure_admin,poverty_gap,medium,2023,4,yr_2023_x_medium,0.0004211661429845478,0.00565245255859919,-0.011561497989586613,0.01240383027555571,0.9415279422641105,0.9495949594959496,False,2019,171999,17,16.716659441723206,0.0021939254539891655
tercile_event_study,exposure_admin,poverty_gap,medium,2024,5,yr_2024_x_medium,0.001579762531701413,0.005872202244524314,-0.010868750124564626,0.01402827518796745,0.7913495632270338,0.8081808180818082,False,2019,171999,17,16.716659441723206,0.0021939254539891655
tercile_event_study,exposure_admin,poverty_gap,medium,2025,6,yr_2025_x_medium,-0.00041665625911113094,0.004938650938132678,-0.010886128553862616,0.010052816035640353,0.9338117132353025,0.9387938793879388,False,2019,171999,17,16.716659441723206,0.0021939254539891655
tercile_event_study,exposure_admin,poverty_gap_sq,high,2017,-2,yr_2017_x_high,0.009896357007474573,0.0038811616323184152,0.001668661895988549,0.018124052118960596,0.021410004870777044,0.061506150615061504,True,2019,171999,17,9.04892933587811,0.05988804850389249
tercile_event_study,exposure_admin,poverty_gap_sq,high,2018,-1,yr_2018_x_high,0.0005173707123801852,0.00318697309254753,-0.0062387104349868735,0.007273451859747243,0.8730712403791012,0.8810881088108811,True,2019,171999,17,9.04892933587811,0.05988804850389249
tercile_event_study,exposure_admin,poverty_gap_sq,high,2019,0,reference,0.0,0.0,0.0,0.0,,,True,2019,171999,17,9.04892933587811,0.05988804850389249
tercile_event_study,exposure_admin,poverty_gap_sq,high,2021,2,yr_2021_x_high,0.0004079723138634529,0.0037757058062916986,-0.007596166433194779,0.008412111060921684,0.9152978973142918,0.9135913591359136,False,2019,171999,17,9.04892933587811,0.05988804850389249
tercile_event_study,exposure_admin,poverty_gap_sq,high,2022,3,yr_2022_x_high,-6.190114357313301e-05,0.003689804165083717,-0.00788393654622276,0.007760134259076496,0.9868225214192141,0.9851985198519851,False,2019,171999,17,9.04892933587811,0.05988804850389249
tercile_event_study,exposure_admin,poverty_gap_sq,high,2023,4,yr_2023_x_high,-0.0014859440923327063,0.004020859774052396,-0.010009786034771958,0.007037897850106545,0.7165568510969735,0.7225722572257226,False,2019,171999,17,9.04892933587811,0.05988804850389249
tercile_event_study,exposure_admin,poverty_gap_sq,high,2024,5,yr_2024_x_high,-0.0010740981614656277,0.004061675253845456,-0.009684465055808444,0.007536268732877188,0.794811664600128,0.8102810281028103,False,2019,171999,17,9.04892933587811,0.05988804850389249
tercile_event_study,exposure_admin,poverty_gap_sq,high,2025,6,yr_2025_x_high,-0.0009714709194707914,0.0034467391785637964,-0.008278231569141698,0.006335289730200115,0.7816698445828365,0.8172817281728173,False,2019,171999,17,9.04892933587811,0.05988804850389249
tercile_event_study,exposure_admin,poverty_gap_sq,medium,2017,-2,yr_2017_x_medium,0.010443854728135533,0.00471906829286816,0.00043987684669732213,0.020447832609573745,0.04176917563600502,0.0627062706270627,True,2019,171999,17,9.04892933587811,0.05988804850389249
tercile_event_study,exposure_admin,poverty_gap_sq,medium,2018,-1,yr_2018_x_medium,-0.0008145066842370405,0.004226558359612892,-0.009774410148248302,0.008145396779774222,0.8496097301644727,0.8565856585658566,True,2019,171999,17,9.04892933587811,0.05988804850389249
tercile_event_study,exposure_admin,poverty_gap_sq,medium,2019,0,reference,0.0,0.0,0.0,0.0,,,True,2019,171999,17,9.04892933587811,0.05988804850389249
tercile_event_study,exposure_admin,poverty_gap_sq,medium,2021,2,yr_2021_x_medium,0.005041115237293866,0.004531183461412175,-0.004564564594297512,0.014646795068885244,0.28234357772875196,0.2891289128912891,False,2019,171999,17,9.04892933587811,0.05988804850389249
tercile_event_study,exposure_admin,poverty_gap_sq,medium,2022,3,yr_2022_x_medium,0.000374461903195088,0.003386266156685358,-0.006804101666935794,0.007553025473325969,0.9133226274047912,0.922092209220922,False,2019,171999,17,9.04892933587811,0.05988804850389249
tercile_event_study,exposure_admin,poverty_gap_sq,medium,2023,4,yr_2023_x_medium,0.001094258529331983,0.004185583852417652,-0.00777878285974311,0.009967299918407077,0.7970924981775491,0.8043804380438044,False,2019,171999,17,9.04892933587811,0.05988804850389249
tercile_event_study,exposure_admin,poverty_gap_sq,medium,2024,5,yr_2024_x_medium,0.0025066375937613083,0.003971920504897262,-0.005913457732655959,0.010926732920178575,0.5368938306231552,0.5863586358635864,False,2019,171999,17,9.04892933587811,0.05988804850389249
tercile_event_study,exposure_admin,poverty_gap_sq,medium,2025,6,yr_2025_x_medium,0.0010024077574299524,0.002982549786603797,-0.005320315340382659,0.007325130855242563,0.7411695455049578,0.7571757175717572,False,2019,171999,17,9.04892933587811,0.05988804850389249
