model,exposure_spec,outcome,group,term,coef,se,ci_low,ci_high,pval_crv1,pval_wbt,fake_treatment_year,n_obs,n_clusters,verdict,joint_wald_stat,joint_wald_p
tercile_placebo,exposure_composite_hybrid,poverty,medium,post_fake_x_medium,-0.015977098535255616,0.010055440220421522,-0.03729367954452974,0.005339482474018508,0.13164532573897825,0.1866186618661866,2019,42249,17,consistent_with_parallel_pretrends,2.7856239510227394,0.24837589479708538
tercile_placebo,exposure_composite_hybrid,poverty,high,post_fake_x_high,-0.015085671771571624,0.012870402930932702,-0.04236970714796863,0.012198363604825378,0.2583062565441603,0.33583358335833585,2019,42249,17,consistent_with_parallel_pretrends,2.7856239510227394,0.24837589479708538
tercile_placebo,exposure_composite_hybrid,matdep,medium,post_fake_x_medium,0.006916404422167404,0.004104711348440746,-0.001785194917165756,0.015618003761500562,0.11139187224800362,0.1489148914891489,2019,42249,17,consistent_with_parallel_pretrends,3.3524942040349877,0.18707473266968325
tercile_placebo,exposure_composite_hybrid,matdep,high,post_fake_x_high,-0.002062233486474767,0.005624572202483346,-0.013985793904371775,0.009861326931422242,0.7186857889864582,0.7758775877587759,2019,42249,17,consistent_with_parallel_pretrends,3.3524942040349877,0.18707473266968325
tercile_placebo,exposure_composite_hybrid,poverty_gap,medium,post_fake_x_medium,-0.012149243711296562,0.004114410916013815,-0.020871405215328025,-0.003427082207265099,0.009354844647107674,0.0313031303130313,2019,42249,17,pretrend_concern,9.710069474741973,0.007789062777048622
tercile_placebo,exposure_composite_hybrid,poverty_gap,high,post_fake_x_high,-0.00724888337184578,0.003972992098763976,-0.015671250375779707,0.001173483632088146,0.08680012542633486,0.11241124112411241,2019,42249,17,consistent_with_parallel_pretrends,9.710069474741973,0.007789062777048622
tercile_placebo,exposure_composite_hybrid,poverty_gap_sq,medium,post_fake_x_medium,-0.009903126507359784,0.002976081414413696,-0.016212137268689267,-0.0035941157460303037,0.004264212435753256,0.0195019501950195,2019,42249,17,pretrend_concern,15.139094176210948,0.0005159260647560792
tercile_placebo,exposure_composite_hybrid,poverty_gap_sq,high,post_fake_x_high,-0.005436452677879388,0.0019774905439853105,-0.009628545361233769,-0.0012443599945250062,0.014258449191450806,0.016301630163016303,2019,42249,17,pretrend_concern,15.139094176210948,0.0005159260647560792
tercile_placebo,exposure_exp_hybrid,poverty,medium,post_fake_x_medium,0.0064306878182294165,0.011081080875633397,-0.017060154251125125,0.029921529887583957,0.5697755258325974,0.6190619061906191,2019,42249,17,consistent_with_parallel_pretrends,0.7773212666135393,0.6779643094837339
tercile_placebo,exposure_exp_hybrid,poverty,high,post_fake_x_high,-0.0025472477348993917,0.014236846841568515,-0.03272801479854187,0.027633519328743087,0.8602470169648542,0.893989398939894,2019,42249,17,consistent_with_parallel_pretrends,0.7773212666135393,0.6779643094837339
tercile_placebo,exposure_exp_hybrid,matdep,medium,post_fake_x_medium,0.008342828202211303,0.003677771635743157,0.0005463006222737625,0.016139355782148843,0.03749635973727394,0.06070607060706071,2019,42249,17,pretrend_concern,5.963621880529018,0.05070093431431766
tercile_placebo,exposure_exp_hybrid,matdep,high,post_fake_x_high,-0.0019629688055066356,0.00564571279888533,-0.013931345285744908,0.010005407674731636,0.7326034376594346,0.7776777677767777,2019,42249,17,consistent_with_parallel_pretrends,5.963621880529018,0.05070093431431766
tercile_placebo,exposure_exp_hybrid,poverty_gap,medium,post_fake_x_medium,0.0012625122329621087,0.006066868443708524,-0.011598674330533798,0.014123698796458015,0.8377771434366337,0.8746874687468746,2019,42249,17,consistent_with_parallel_pretrends,0.053246687841765554,0.9737279330070869
tercile_placebo,exposure_exp_hybrid,poverty_gap,high,post_fake_x_high,0.00048360688161630034,0.006137458443119562,-0.01252722379570309,0.013494437558935691,0.9381719877062149,0.948094809480948,2019,42249,17,consistent_with_parallel_pretrends,0.053246687841765554,0.9737279330070869
tercile_placebo,exposure_exp_hybrid,poverty_gap_sq,medium,post_fake_x_medium,-3.744690688841369e-05,0.004694574916899141,-0.009989501150814083,0.009914607337037256,0.9937342452622238,0.9913991399139914,2019,42249,17,consistent_with_parallel_pretrends,0.01761652181007489,0.9912304181765903
tercile_placebo,exposure_exp_hybrid,poverty_gap_sq,high,post_fake_x_high,0.0003366756624373647,0.004174555069540023,-0.008512985751371483,0.009186337076246213,0.9367209131978835,0.9552955295529553,2019,42249,17,consistent_with_parallel_pretrends,0.01761652181007489,0.9912304181765903
tercile_placebo,exposure_cov_hybrid,poverty,medium,post_fake_x_medium,-0.004811665530714851,0.010755843030396776,-0.027613034168444975,0.017989703107015274,0.6606166760563268,0.6993699369936993,2019,42249,17,consistent_with_parallel_pretrends,14.366150941811455,0.0007593289532983283
tercile_placebo,exposure_cov_hybrid,poverty,high,post_fake_x_high,-0.029524757024543782,0.009043938375088547,-0.04869704991172445,-0.01035246413736311,0.0048691699358294205,0.0084008400840084,2019,42249,17,pretrend_concern,14.366150941811455,0.0007593289532983283
tercile_placebo,exposure_cov_hybrid,matdep,medium,post_fake_x_medium,0.007877922833468191,0.0030718258444299026,0.001365942947576435,0.014389902719359946,0.02078139950921032,0.030403040304030404,2019,42249,17,pretrend_concern,13.203494881598306,0.001357992950703416
tercile_placebo,exposure_cov_hybrid,matdep,high,post_fake_x_high,-0.007716943639155161,0.004828427363924837,-0.017952752394844337,0.0025188651165340145,0.12954998887228597,0.15071507150715072,2019,42249,17,consistent_with_parallel_pretrends,13.203494881598306,0.001357992950703416
tercile_placebo,exposure_cov_hybrid,poverty_gap,medium,post_fake_x_medium,-0.00625657467860091,0.004246084154609793,-0.015257870978897609,0.0027447216216957898,0.16001932697780585,0.2078207820782078,2019,42249,17,consistent_with_parallel_pretrends,9.94169082553297,0.006937280689271789
tercile_placebo,exposure_cov_hybrid,poverty_gap,high,post_fake_x_high,-0.012711258660634413,0.004105332814904278,-0.021414175450016903,-0.004008341871251923,0.006933699519986902,0.019701970197019702,2019,42249,17,pretrend_concern,9.94169082553297,0.006937280689271789
tercile_placebo,exposure_cov_hybrid,poverty_gap_sq,medium,post_fake_x_medium,-0.006294625312761321,0.002627687180886707,-0.011865073292218812,-0.000724177333303831,0.029179364277464703,0.030803080308030802,2019,42249,17,pretrend_concern,11.618852204447029,0.0029991507844887248
tercile_placebo,exposure_cov_hybrid,poverty_gap_sq,high,post_fake_x_high,-0.008067383178025597,0.0028176038347638233,-0.014040436478447554,-0.0020943298776036397,0.011268624485476497,0.016201620162016202,2019,42249,17,pretrend_concern,11.618852204447029,0.0029991507844887248
tercile_placebo,exposure_composite_sim,poverty,medium,post_fake_x_medium,-0.010665607950493374,0.01447049976272981,-0.04170174320911401,0.02037052730812726,0.4732588308783272,0.49994999499949994,2019,39542,15,consistent_with_parallel_pretrends,0.6225355604465699,0.732517695851785
tercile_placebo,exposure_composite_sim,poverty,high,post_fake_x_high,-0.0028440155549866427,0.014709327832502934,-0.03439238607835778,0.028704354968384495,0.8494636591157789,0.886988698869887,2019,39542,15,consistent_with_parallel_pretrends,0.6225355604465699,0.732517695851785
tercile_placebo,exposure_composite_sim,matdep,medium,post_fake_x_medium,0.005861649134434194,0.0049080165975302565,-0.004664999528028335,0.016388297796896722,0.25220324942406824,0.32613261326132614,2019,39542,15,consistent_with_parallel_pretrends,1.5063435588912453,0.47087068375554175
tercile_placebo,exposure_composite_sim,matdep,high,post_fake_x_high,-0.0009033792086109701,0.005596343372339912,-0.012906341974622643,0.011099583557400703,0.8740665346998084,0.8972897289728973,2019,39542,15,consistent_with_parallel_pretrends,1.5063435588912453,0.47087068375554175
tercile_placebo,exposure_composite_sim,poverty_gap,medium,post_fake_x_medium,-0.0014848273717588574,0.006228841412789141,-0.014844363515060134,0.01187470877154242,0.815040649967254,0.8446844684468446,2019,39542,15,consistent_with_parallel_pretrends,0.30936095086004123,0.8566888668978404
tercile_placebo,exposure_composite_sim,poverty_gap,high,post_fake_x_high,0.0010362475891035497,0.006460954327712043,-0.012821121244218164,0.014893616422425263,0.8748681013356481,0.9017901790179018,2019,39542,15,consistent_with_parallel_pretrends,0.30936095086004123,0.8566888668978404
tercile_placebo,exposure_composite_sim,poverty_gap_sq,medium,post_fake_x_medium,0.0006510482984768876,0.004621692894256031,-0.009261497096767756,0.01056359369372153,0.8899810800004215,0.9121912191219121,2019,39542,15,consistent_with_parallel_pretrends,0.06072528392254742,0.970093673080454
tercile_placebo,exposure_composite_sim,poverty_gap_sq,high,post_fake_x_high,0.0009829130653425048,0.004049581443347749,-0.007702575305988714,0.009668401436673723,0.8117424684831647,0.8696869686968697,2019,39542,15,consistent_with_parallel_pretrends,0.06072528392254742,0.970093673080454
tercile_placebo,exposure_admin,poverty,medium,post_fake_x_medium,-0.022838263868610337,0.012594033166962506,-0.04953642151782239,0.0038598937806017183,0.08856785975862858,0.11421142114211422,2019,42249,17,consistent_with_parallel_pretrends,3.900515478152983,0.14223740672388108
tercile_placebo,exposure_admin,poverty,high,post_fake_x_high,-0.014979130340719689,0.01105477421528179,-0.03841420478139004,0.008455944099950666,0.19424353341530076,0.2556255625562556,2019,42249,17,consistent_with_parallel_pretrends,3.900515478152983,0.14223740672388108
tercile_placebo,exposure_admin,matdep,medium,post_fake_x_medium,-0.0004887245207028864,0.008166137058309793,-0.017800161744780885,0.01682271270337511,0.9530180864253672,0.9545954595459546,2019,42249,17,consistent_with_parallel_pretrends,0.005923471417471327,0.9970426459036751
tercile_placebo,exposure_admin,matdep,high,post_fake_x_high,-0.000255556465298011,0.00425511305704556,-0.009275993183714446,0.008764880253118425,0.9528526745144332,0.9514951495149515,2019,42249,17,consistent_with_parallel_pretrends,0.005923471417471327,0.9970426459036751
tercile_placebo,exposure_admin,poverty_gap,medium,post_fake_x_medium,-0.009273646309948112,0.004674740323570871,-0.019183653094369285,0.0006363604744730588,0.06471072446647219,0.07270727072707271,2019,42249,17,pretrend_concern,5.46485623415821,0.0650611216998797
tercile_placebo,exposure_admin,poverty_gap,high,post_fake_x_high,-0.0074639124504365705,0.004276671293399431,-0.01653005058834144,0.001602225687468299,0.10011094845574076,0.13611361136113612,2019,42249,17,consistent_with_parallel_pretrends,5.46485623415821,0.0650611216998797
tercile_placebo,exposure_admin,poverty_gap_sq,medium,post_fake_x_medium,-0.0043912266974822,0.00369936839858146,-0.012233537369406683,0.0034510839744422827,0.25254508645559914,0.2923292329232923,2019,42249,17,consistent_with_parallel_pretrends,4.109135113898304,0.12814824041299552
tercile_placebo,exposure_admin,poverty_gap_sq,high,post_fake_x_high,-0.0049756480722459,0.002629050487926345,-0.010548986133521183,0.0005976899890293838,0.07665164476389563,0.10211021102110211,2019,42249,17,consistent_with_parallel_pretrends,4.109135113898304,0.12814824041299552
